날짜,종가,전일비,시가,고가,저가,거래량
2020.09.02,54600.0,400.0,54600.0,55100.0,54400.0,7010935.0
2020.09.01,54200.0,200.0,54100.0,54800.0,54100.0,19363117.0
2020.08.31,54000.0,1400.0,56000.0,56100.0,54000.0,32671367.0
2020.08.28,55400.0,200.0,56100.0,56300.0,55400.0,14619888.0
2020.08.27,55600.0,800.0,56300.0,56300.0,55600.0,16196568.0
2020.08.26,56400.0,0.0,56400.0,56500.0,55700.0,17651593.0
2020.08.25,56400.0,300.0,56400.0,56800.0,56100.0,14021705.0
2020.08.24,56100.0,200.0,55800.0,56600.0,55400.0,15055896.0
2020.08.21,55900.0,500.0,56200.0,56900.0,55800.0,21142288.0
2020.08.20,55400.0,2400.0,57600.0,57600.0,55300.0,30386029.0
2020.08.19,57800.0,600.0,59000.0,59200.0,57800.0,16930719.0
2020.08.18,58400.0,400.0,58900.0,59900.0,58000.0,25307825.0
2020.08.14,58000.0,700.0,58000.0,58400.0,57700.0,15672548.0
2020.08.13,58700.0,300.0,59400.0,59600.0,58000.0,22089460.0
2020.08.12,59000.0,800.0,58200.0,59000.0,57700.0,18573934.0
2020.08.11,58200.0,400.0,58000.0,59500.0,57800.0,24907912.0
2020.08.10,57800.0,300.0,57600.0,58300.0,57500.0,17774291.0
2020.08.07,57500.0,500.0,57900.0,58400.0,57100.0,18751717.0
2020.08.06,58000.0,1100.0,57100.0,58400.0,57100.0,21625874.0
2020.08.05,56900.0,400.0,57300.0,57500.0,56300.0,17739706.0
2020.08.04,57300.0,500.0,57200.0,58100.0,57000.0,19419694.0
2020.08.03,56800.0,1100.0,57800.0,57900.0,56700.0,21158940.0
2020.07.31,57900.0,1100.0,59500.0,59600.0,57700.0,21943345.0
2020.07.30,59000.0,0.0,59700.0,60100.0,59000.0,19285354.0
2020.07.29,59000.0,400.0,60300.0,60400.0,58600.0,36476611.0
2020.07.28,58600.0,3000.0,57000.0,58800.0,56400.0,48431566.0
2020.07.27,55600.0,1400.0,54300.0,55700.0,54300.0,21054421.0
2020.07.24,54200.0,100.0,54000.0,54400.0,53700.0,10994535.0
2020.07.23,54100.0,600.0,54700.0,54700.0,53800.0,16214932.0
2020.07.22,54700.0,600.0,55300.0,55500.0,54700.0,12885057.0
2020.07.21,55300.0,1100.0,55200.0,55400.0,54800.0,18297260.0
2020.07.20,54200.0,200.0,54800.0,54800.0,54000.0,10507530.0
2020.07.17,54400.0,600.0,54200.0,54700.0,54100.0,10096174.0
2020.07.16,53800.0,900.0,54800.0,54800.0,53800.0,16779127.0
2020.07.15,54700.0,900.0,54400.0,55000.0,54300.0,24051450.0
2020.07.14,53800.0,400.0,53700.0,53800.0,53200.0,14269484.0
2020.07.13,53400.0,700.0,53300.0,53800.0,53100.0,12240188.0
2020.07.10,52700.0,100.0,53100.0,53200.0,52300.0,13714746.0
2020.07.09,52800.0,200.0,53200.0,53600.0,52800.0,17054850.0
2020.07.08,53000.0,400.0,53600.0,53900.0,52900.0,19664652.0
2020.07.07,53400.0,1600.0,55800.0,55900.0,53400.0,30760032.0
2020.07.06,55000.0,1400.0,54000.0,55000.0,53800.0,19856623.0
2020.07.03,53600.0,700.0,53000.0,53600.0,52700.0,11887868.0
2020.07.02,52900.0,300.0,52100.0,52900.0,52100.0,14142583.0
2020.07.01,52600.0,200.0,53400.0,53600.0,52400.0,16706143.0
2020.06.30,52800.0,400.0,53900.0,53900.0,52800.0,21157172.0
2020.06.29,52400.0,900.0,52500.0,53200.0,52000.0,17776925.0
2020.06.26,53300.0,1400.0,52800.0,53900.0,52200.0,21575360.0
2020.06.25,51900.0,1000.0,52100.0,53000.0,51900.0,18541624.0
2020.06.24,52900.0,1500.0,51900.0,53900.0,51600.0,24519552.0
2020.06.23,51400.0,600.0,52500.0,52800.0,51100.0,18086152.0
2020.06.22,52000.0,900.0,52000.0,52600.0,51800.0,13801350.0
2020.06.19,52900.0,600.0,52600.0,52900.0,51600.0,18157985.0
2020.06.18,52300.0,100.0,52200.0,52300.0,51600.0,15982926.0
2020.06.17,52200.0,100.0,52100.0,52900.0,51300.0,26672595.0
2020.06.16,52100.0,2200.0,51200.0,52100.0,50600.0,21808375.0
2020.06.15,49900.0,2400.0,51400.0,52000.0,49900.0,28772921.0
2020.06.12,52300.0,2000.0,52100.0,52800.0,51500.0,26976019.0
2020.06.11,54300.0,1100.0,54500.0,55100.0,53200.0,33815123.0
2020.06.10,55400.0,100.0,55100.0,55900.0,54900.0,16742493.0
2020.06.09,55500.0,600.0,55800.0,56500.0,54400.0,23998831.0
2020.06.08,54900.0,600.0,56400.0,56500.0,54700.0,25634965.0
2020.06.05,55500.0,900.0,54400.0,55900.0,54000.0,22743629.0
2020.06.04,54600.0,100.0,55800.0,57000.0,54600.0,40220334.0
2020.06.03,54500.0,3100.0,51800.0,55000.0,51700.0,49257814.0
2020.06.02,51400.0,200.0,51000.0,51500.0,50800.0,14247933.0
2020.06.01,51200.0,500.0,50800.0,51200.0,50600.0,16949183.0
2020.05.29,50700.0,300.0,50000.0,50700.0,49700.0,27596961.0
2020.05.28,50400.0,500.0,51100.0,51200.0,49900.0,31309318.0
2020.05.27,49900.0,650.0,48950.0,50000.0,48800.0,19548479.0
2020.05.26,49250.0,400.0,48700.0,49450.0,48600.0,15127490.0
2020.05.25,48850.0,100.0,48750.0,48900.0,48450.0,14337913.0
2020.05.22,48750.0,1200.0,49600.0,49800.0,48600.0,19706284.0
2020.05.21,49950.0,50.0,50300.0,50400.0,49850.0,14949266.0
2020.05.20,50000.0,300.0,50000.0,50200.0,49800.0,14896899.0
2020.05.19,50300.0,1500.0,50100.0,50500.0,49700.0,25168295.0
2020.05.18,48800.0,950.0,47950.0,49100.0,47600.0,20481981.0
2020.05.15,47850.0,150.0,48400.0,48450.0,47700.0,18463118.0
2020.05.14,48000.0,550.0,47750.0,48100.0,47650.0,19305974.0
2020.05.13,48550.0,650.0,47250.0,48550.0,47200.0,20223277.0
2020.05.12,47900.0,500.0,48400.0,48500.0,47550.0,23433590.0
2020.05.11,48400.0,400.0,48900.0,49250.0,48300.0,16357743.0
2020.05.08,48800.0,0.0,49100.0,49350.0,48800.0,15319700.0
2020.05.07,48800.0,400.0,49200.0,49300.0,48700.0,13884411.0
2020.05.06,49200.0,700.0,49000.0,49200.0,48500.0,18070225.0
2020.05.04,48500.0,1500.0,48900.0,49100.0,48500.0,26083749.0
2020.04.29,50000.0,100.0,49900.0,50500.0,49600.0,15604533.0
2020.04.28,50100.0,250.0,49850.0,50100.0,49300.0,16095399.0
2020.04.27,49850.0,500.0,49350.0,50000.0,49100.0,14049471.0
2020.04.24,49350.0,500.0,49650.0,49750.0,49000.0,15618347.0
2020.04.23,49850.0,0.0,50200.0,50300.0,49500.0,18754442.0
2020.04.22,49850.0,600.0,48700.0,50000.0,48350.0,18613864.0
2020.04.21,49250.0,850.0,49400.0,49700.0,48700.0,27407543.0
2020.04.20,50100.0,1300.0,51400.0,51400.0,50000.0,21866354.0
2020.04.17,51400.0,2400.0,50800.0,52000.0,50300.0,32041675.0
2020.04.16,49000.0,0.0,49350.0,49350.0,48550.0,23349760.0
2020.04.14,49000.0,700.0,48800.0,49200.0,48300.0,14206216.0
2020.04.13,48300.0,950.0,48650.0,48900.0,48300.0,14431800.0
2020.04.10,49250.0,150.0,48950.0,49250.0,48650.0,17839111.0
2020.04.09,49100.0,500.0,49750.0,49800.0,48700.0,22628058.0
2020.04.08,48600.0,1000.0,49600.0,49750.0,48600.0,25010314.0
2020.04.07,49600.0,900.0,49650.0,50200.0,49000.0,31524034.0
2020.04.06,48700.0,1700.0,47500.0,48800.0,47250.0,23395726.0
2020.04.03,47000.0,200.0,47400.0,47600.0,46550.0,22784682.0
2020.04.02,46800.0,1000.0,46200.0,46850.0,45350.0,21621076.0
2020.04.01,45800.0,1950.0,47450.0,47900.0,45800.0,27259532.0
2020.03.31,47750.0,100.0,48000.0,48500.0,47150.0,30654261.0
2020.03.30,47850.0,450.0,47050.0,48350.0,46550.0,26797395.0
2020.03.27,48300.0,500.0,49600.0,49700.0,46850.0,39896178.0
2020.03.26,47800.0,850.0,49000.0,49300.0,47700.0,42185129.0
2020.03.25,48650.0,1700.0,48950.0,49600.0,47150.0,52735922.0
2020.03.24,46950.0,4450.0,43850.0,46950.0,43050.0,49801908.0
2020.03.23,42500.0,2900.0,42600.0,43550.0,42400.0,41701626.0
2020.03.20,45400.0,2450.0,44150.0,45500.0,43550.0,49730008.0
2020.03.19,42950.0,2650.0,46400.0,46650.0,42300.0,56925513.0
2020.03.18,45600.0,1700.0,47750.0,48350.0,45600.0,40152623.0
2020.03.17,47300.0,1600.0,46900.0,49650.0,46700.0,51218151.0
2020.03.16,48900.0,1050.0,50100.0,50900.0,48800.0,33339821.0
2020.03.13,49950.0,850.0,47450.0,51600.0,46850.0,59462933.0
2020.03.12,50800.0,1300.0,51000.0,51900.0,49300.0,48149999.0
2020.03.11,52100.0,2500.0,54300.0,54400.0,52000.0,45707281.0
2020.03.10,54600.0,400.0,53800.0,54900.0,53700.0,32106554.0
2020.03.09,54200.0,2300.0,54700.0,55000.0,53600.0,30261485.0
2020.03.06,56500.0,1300.0,56500.0,57200.0,56200.0,18716656.0
2020.03.05,57800.0,400.0,57600.0,58000.0,56700.0,21698990.0
2020.03.04,57400.0,2000.0,54800.0,57600.0,54600.0,24765728.0
2020.03.03,55400.0,400.0,56700.0,56900.0,55100.0,30330295.0
2020.03.02,55000.0,800.0,54300.0,55500.0,53600.0,30403412.0
2020.02.28,54200.0,1700.0,55000.0,55500.0,54200.0,30054227.0
2020.02.27,55900.0,600.0,56300.0,56900.0,55500.0,23209541.0
2020.02.26,56500.0,1400.0,56000.0,57000.0,56000.0,25483102.0
2020.02.25,57900.0,1100.0,56200.0,58000.0,56200.0,23885408.0
2020.02.24,56800.0,2400.0,57400.0,58100.0,56800.0,25627537.0
2020.02.21,59200.0,800.0,58800.0,59800.0,58500.0,13777393.0
2020.02.20,60000.0,200.0,60700.0,61300.0,59600.0,14591924.0
2020.02.19,60200.0,400.0,59800.0,60400.0,59400.0,12951496.0
2020.02.18,59800.0,1700.0,60800.0,60900.0,59700.0,16674266.0
2020.02.17,61500.0,300.0,61600.0,62000.0,61200.0,8740596.0
2020.02.14,61800.0,1100.0,60900.0,61900.0,60200.0,13276067.0
2020.02.13,60700.0,200.0,61200.0,61600.0,60500.0,18449775.0
2020.02.12,60500.0,600.0,60300.0,60700.0,59700.0,12904207.0
2020.02.11,59900.0,200.0,59800.0,60700.0,59700.0,11071231.0
2020.02.10,59700.0,700.0,59200.0,59800.0,59100.0,13107121.0
2020.02.07,60400.0,700.0,61100.0,61200.0,59700.0,16402493.0
2020.02.06,61100.0,1600.0,60100.0,61100.0,59700.0,14727159.0
2020.02.05,59500.0,600.0,60000.0,60200.0,58900.0,19278165.0
2020.02.04,58900.0,1700.0,57100.0,59000.0,56800.0,21800192.0
2020.02.03,57200.0,800.0,55500.0,57400.0,55200.0,23995260.0
2020.01.31,56400.0,800.0,57800.0,58400.0,56400.0,19749457.0
2020.01.30,57200.0,1900.0,58800.0,58800.0,56800.0,20821939.0
2020.01.29,59100.0,300.0,59100.0,59700.0,58800.0,16446102.0
2020.01.28,58800.0,2000.0,59400.0,59400.0,58300.0,23664541.0
2020.01.23,60800.0,1500.0,61800.0,61800.0,60700.0,14916555.0
2020.01.22,62300.0,900.0,60500.0,62600.0,60400.0,15339565.0
2020.01.21,61400.0,1000.0,62000.0,62400.0,61200.0,11142693.0
2020.01.20,62400.0,1100.0,62000.0,62800.0,61700.0,12528855.0
2020.01.17,61300.0,600.0,61900.0,62000.0,61000.0,16025661.0
2020.01.16,60700.0,1700.0,59100.0,60700.0,59000.0,14381774.0
2020.01.15,59000.0,1000.0,59500.0,59600.0,58900.0,14300928.0
2020.01.14,60000.0,0.0,60400.0,61000.0,59900.0,16906295.0
2020.01.13,60000.0,500.0,59600.0,60000.0,59100.0,11359139.0
2020.01.10,59500.0,900.0,58800.0,59700.0,58300.0,16000170.0
2020.01.09,58600.0,1800.0,58400.0,58600.0,57400.0,24102579.0
2020.01.08,56800.0,1000.0,56200.0,57400.0,55900.0,23501171.0
2020.01.07,55800.0,300.0,55700.0,56400.0,55600.0,10009778.0
2020.01.06,55500.0,0.0,54900.0,55600.0,54600.0,10278951.0
2020.01.03,55500.0,300.0,56000.0,56600.0,54900.0,15422255.0
2020.01.02,55200.0,600.0,55500.0,56000.0,55000.0,12993228.0
2019.12.30,55800.0,700.0,56200.0,56600.0,55700.0,8356767.0
2019.12.27,56500.0,1100.0,55700.0,56900.0,55500.0,12313056.0
2019.12.26,55400.0,400.0,54700.0,55400.0,54400.0,9645034.0
2019.12.24,55000.0,500.0,55600.0,55700.0,54800.0,11868463.0
2019.12.23,55500.0,500.0,56100.0,56400.0,55100.0,9839252.0
2019.12.20,56000.0,0.0,56100.0,56500.0,55600.0,12095519.0
2019.12.19,56000.0,300.0,57000.0,57300.0,55500.0,14180520.0
2019.12.18,56300.0,400.0,56700.0,57200.0,56000.0,15558208.0
2019.12.17,56700.0,2000.0,55800.0,56700.0,55400.0,19358433.0
2019.12.16,54700.0,0.0,54500.0,54900.0,54300.0,11512405.0
2019.12.13,54700.0,1400.0,54500.0,54800.0,53900.0,18120261.0
2019.12.12,53300.0,1400.0,53000.0,53300.0,52700.0,29178697.0
2019.12.11,51900.0,400.0,51500.0,52200.0,51400.0,11379521.0
2019.12.10,51500.0,300.0,51000.0,51600.0,50700.0,6882771.0
2019.12.09,51200.0,800.0,50900.0,51400.0,50700.0,8470627.0
2019.12.06,50400.0,900.0,50100.0,50900.0,49950.0,11414563.0
2019.12.05,49500.0,50.0,50200.0,50400.0,49500.0,10449715.0
2019.12.04,49450.0,450.0,49600.0,49850.0,49000.0,13246549.0
2019.12.03,49900.0,500.0,49800.0,50300.0,49500.0,12059812.0
2019.12.02,50400.0,100.0,50900.0,51300.0,50400.0,18877252.0
2019.11.29,50300.0,1000.0,51200.0,51400.0,50200.0,11179334.0
2019.11.28,51300.0,900.0,51900.0,52100.0,51300.0,6833885.0
2019.11.27,52200.0,400.0,51800.0,52300.0,51600.0,7546261.0
2019.11.26,51800.0,0.0,51900.0,52900.0,51800.0,27372226.0
2019.11.25,51800.0,200.0,52200.0,52600.0,51700.0,9050625.0
2019.11.22,51600.0,600.0,51000.0,51600.0,50900.0,8478310.0
2019.11.21,51000.0,1000.0,51600.0,52100.0,50600.0,14298646.0
2019.11.20,52000.0,1500.0,53400.0,53400.0,52000.0,12560070.0
2019.11.19,53500.0,0.0,53200.0,53500.0,52700.0,8907177.0
2019.11.18,53500.0,200.0,53600.0,53800.0,53200.0,7746554.0
2019.11.15,53700.0,900.0,52900.0,53700.0,52600.0,9703360.0
2019.11.14,52800.0,300.0,51900.0,52800.0,51900.0,12010018.0
2019.11.13,52500.0,100.0,52500.0,52500.0,52000.0,6225196.0
2019.11.12,52600.0,1000.0,51800.0,52600.0,51600.0,6576148.0
2019.11.11,51600.0,500.0,52200.0,52200.0,51400.0,8185952.0
2019.11.08,52100.0,800.0,53200.0,53300.0,52000.0,11603290.0
2019.11.07,52900.0,400.0,53400.0,53400.0,52400.0,9257116.0
2019.11.06,53300.0,600.0,52900.0,53500.0,52700.0,14361133.0
2019.11.05,52700.0,400.0,52400.0,52700.0,52100.0,10581034.0
2019.11.04,52300.0,1100.0,51700.0,52300.0,51400.0,13012411.0
2019.11.01,51200.0,800.0,50600.0,51200.0,50400.0,8467846.0
2019.10.31,50400.0,0.0,51000.0,51400.0,50300.0,10304777.0
2019.10.30,50400.0,700.0,50700.0,50800.0,50200.0,8959435.0
2019.10.29,51100.0,200.0,51400.0,51700.0,50800.0,7581629.0
2019.10.28,51300.0,400.0,50700.0,51500.0,50700.0,6431522.0
2019.10.25,50900.0,200.0,50800.0,51200.0,50500.0,7879897.0
2019.10.24,50700.0,500.0,52500.0,52500.0,50500.0,21185785.0
2019.10.23,51200.0,0.0,51300.0,51500.0,50800.0,8663880.0
2019.10.22,51200.0,900.0,50800.0,51500.0,50700.0,10898729.0
2019.10.21,50300.0,400.0,49900.0,50400.0,49800.0,4406531.0
2019.10.18,49900.0,600.0,50300.0,50900.0,49650.0,8483106.0
2019.10.17,50500.0,200.0,50500.0,50600.0,50100.0,6701380.0
2019.10.16,50700.0,600.0,50700.0,50900.0,50400.0,9136282.0
2019.10.15,50100.0,100.0,49900.0,50200.0,49900.0,6058105.0
2019.10.14,50000.0,850.0,50000.0,50300.0,49850.0,11130635.0
2019.10.11,49150.0,600.0,49000.0,49450.0,48800.0,7783275.0
2019.10.10,48550.0,350.0,48200.0,49200.0,48000.0,18639855.0
2019.10.08,48900.0,1150.0,47900.0,49000.0,47600.0,14239367.0
2019.10.07,47750.0,250.0,48350.0,48700.0,47650.0,7047273.0
2019.10.04,48000.0,400.0,47400.0,48650.0,47350.0,9331695.0
2019.10.02,47600.0,1250.0,48350.0,48400.0,47600.0,8382463.0
2019.10.01,48850.0,200.0,48900.0,49100.0,48650.0,6206035.0
2019.09.30,49050.0,650.0,48050.0,49250.0,47900.0,9497119.0
2019.09.27,48400.0,800.0,48000.0,48700.0,48000.0,8048041.0
2019.09.26,49200.0,300.0,49000.0,49250.0,48900.0,8494756.0
2019.09.25,48900.0,600.0,49200.0,49350.0,48800.0,9187141.0
2019.09.24,49500.0,200.0,49050.0,49650.0,48850.0,7871955.0
2019.09.23,49300.0,100.0,49250.0,49300.0,49000.0,7568553.0
2019.09.20,49200.0,50.0,49400.0,49600.0,49100.0,15460210.0
2019.09.19,49150.0,1450.0,48050.0,49200.0,47850.0,16461413.0
2019.09.18,47700.0,800.0,46900.0,47700.0,46800.0,10413027.0
2019.09.17,46900.0,200.0,47000.0,47100.0,46800.0,7006280.0
2019.09.16,47100.0,50.0,47000.0,47100.0,46400.0,15550926.0
2019.09.11,47150.0,150.0,47300.0,47400.0,46800.0,16141619.0
2019.09.10,47000.0,100.0,47100.0,47200.0,46550.0,9231792.0
2019.09.09,46900.0,600.0,46450.0,47000.0,46300.0,9434157.0
2019.09.06,46300.0,600.0,46500.0,46500.0,45850.0,9896562.0
2019.09.05,45700.0,1600.0,44800.0,46100.0,44450.0,18297430.0
2019.09.04,44100.0,850.0,43250.0,44100.0,43150.0,12441837.0
2019.09.03,43250.0,550.0,43550.0,43650.0,43100.0,9774941.0
2019.09.02,43800.0,200.0,44850.0,44850.0,43650.0,7185537.0
2019.08.30,44000.0,600.0,43750.0,44300.0,43750.0,9899073.0
2019.08.29,43400.0,750.0,44200.0,44200.0,43050.0,10768862.0
2019.08.28,44150.0,100.0,44100.0,44400.0,43750.0,5758333.0
2019.08.27,44050.0,450.0,43650.0,44200.0,43600.0,16883932.0
2019.08.26,43600.0,350.0,43050.0,43800.0,42950.0,7954949.0
2019.08.23,43950.0,100.0,43800.0,44200.0,43650.0,5017381.0
2019.08.22,44050.0,450.0,44500.0,44700.0,43850.0,8061177.0
2019.08.21,44500.0,50.0,44350.0,44800.0,44150.0,6571717.0
2019.08.20,44450.0,850.0,43950.0,44600.0,43550.0,8434205.0
2019.08.19,43600.0,300.0,44350.0,44350.0,43500.0,6014218.0
2019.08.16,43900.0,200.0,43800.0,43900.0,43300.0,9528115.0
2019.08.14,43700.0,700.0,43900.0,44250.0,43500.0,8750135.0
2019.08.13,43000.0,700.0,43500.0,43500.0,42950.0,7276979.0
2019.08.12,43700.0,550.0,44000.0,44000.0,43550.0,8466169.0
2019.08.09,43150.0,500.0,43250.0,43350.0,43050.0,9685147.0
2019.08.08,42650.0,550.0,43250.0,43500.0,42650.0,16926881.0
2019.08.07,43200.0,300.0,43600.0,43900.0,43100.0,10002533.0
2019.08.06,43500.0,450.0,42500.0,43800.0,42500.0,15083824.0
2019.08.05,43950.0,1000.0,44350.0,44600.0,43600.0,14214086.0
2019.08.02,44950.0,250.0,44550.0,45500.0,44300.0,12151374.0
2019.08.01,45200.0,150.0,44900.0,45500.0,44850.0,7811181.0
2019.07.31,45350.0,1200.0,46200.0,46600.0,45000.0,12872916.0
2019.07.30,46550.0,450.0,46300.0,46850.0,46300.0,5551014.0
2019.07.29,46100.0,1050.0,46800.0,47050.0,46000.0,6856846.0
2019.07.26,47150.0,50.0,46650.0,47150.0,46550.0,7873886.0
2019.07.25,47200.0,800.0,47150.0,47200.0,46600.0,8408838.0
2019.07.24,46400.0,900.0,47100.0,47150.0,46250.0,8756522.0
2019.07.23,47300.0,100.0,47350.0,47550.0,47050.0,9061381.0
2019.07.22,47200.0,400.0,46800.0,47300.0,46600.0,9009109.0
2019.07.19,46800.0,700.0,46650.0,46950.0,46600.0,8819393.0
2019.07.18,46100.0,50.0,46450.0,46450.0,45650.0,5143554.0
2019.07.17,46050.0,800.0,46150.0,46350.0,45950.0,5216602.0
2019.07.16,46850.0,400.0,46450.0,46850.0,46300.0,7407824.0
2019.07.15,46450.0,150.0,45950.0,46650.0,45750.0,4717226.0
2019.07.12,46300.0,100.0,46350.0,46400.0,45800.0,5245804.0
2019.07.11,46200.0,650.0,46350.0,46550.0,46150.0,10989751.0
2019.07.10,45550.0,450.0,45550.0,46150.0,45500.0,9253930.0
2019.07.09,45100.0,700.0,44850.0,45450.0,44700.0,7646421.0
2019.07.08,44400.0,1250.0,44750.0,44800.0,44350.0,7823843.0
2019.07.05,45650.0,350.0,45950.0,45950.0,45250.0,7235395.0
2019.07.04,46000.0,600.0,45250.0,46200.0,45250.0,6365573.0
2019.07.03,45400.0,850.0,45750.0,46350.0,45200.0,9669368.0
2019.07.02,46250.0,350.0,46200.0,46900.0,45850.0,8463073.0
2019.07.01,46600.0,400.0,47350.0,47400.0,46250.0,11383522.0
2019.06.28,47000.0,500.0,47000.0,47000.0,46700.0,12949231.0
2019.06.27,46500.0,800.0,46000.0,46600.0,45750.0,12603534.0
2019.06.26,45700.0,100.0,45800.0,46000.0,45600.0,9226097.0
2019.06.25,45600.0,100.0,45200.0,45800.0,45200.0,7076774.0
2019.06.24,45500.0,200.0,45200.0,45800.0,45200.0,6085066.0
2019.06.21,45700.0,200.0,45750.0,45800.0,45200.0,9454913.0
2019.06.20,45500.0,150.0,44850.0,45500.0,44850.0,7147785.0
2019.06.19,45350.0,1000.0,45450.0,45450.0,45000.0,10417690.0
2019.06.18,44350.0,450.0,43750.0,44500.0,43650.0,7994928.0
2019.06.17,43900.0,100.0,43750.0,44050.0,43400.0,11890424.0
2019.06.14,44000.0,250.0,43750.0,44150.0,43300.0,9322873.0
2019.06.13,43750.0,850.0,44200.0,44400.0,43400.0,16906541.0
2019.06.12,44600.0,250.0,44800.0,45050.0,44300.0,8607439.0
2019.06.11,44850.0,50.0,44800.0,45000.0,44550.0,6664872.0
2019.06.10,44800.0,600.0,44300.0,44850.0,44050.0,8792182.0
2019.06.07,44200.0,300.0,43600.0,44350.0,43450.0,11683682.0
2019.06.05,43900.0,450.0,44050.0,44200.0,43700.0,12464135.0
2019.06.04,43450.0,350.0,43400.0,43700.0,43000.0,9913497.0
2019.06.03,43800.0,1300.0,42950.0,43900.0,42500.0,15466580.0
2019.05.31,42500.0,50.0,42600.0,42800.0,42150.0,11365999.0
2019.05.30,42550.0,750.0,42200.0,42700.0,42150.0,11766018.0
2019.05.29,41800.0,750.0,41850.0,42100.0,41300.0,14930618.0
2019.05.28,42550.0,100.0,42550.0,42950.0,42150.0,24506881.0
2019.05.27,42650.0,50.0,42500.0,43000.0,42350.0,8066669.0
2019.05.24,42700.0,1150.0,43800.0,43800.0,42400.0,13966305.0
2019.05.23,43850.0,350.0,43900.0,44000.0,43250.0,12259006.0
2019.05.22,43500.0,350.0,43700.0,43800.0,42400.0,11033339.0
2019.05.21,43150.0,1150.0,42600.0,43950.0,42350.0,18812133.0
2019.05.20,42000.0,800.0,41650.0,42100.0,41550.0,15752397.0
2019.05.17,41200.0,350.0,41950.0,42050.0,40850.0,13357951.0
2019.05.16,41550.0,1000.0,42350.0,42400.0,41350.0,13687828.0
2019.05.15,42550.0,100.0,42700.0,43050.0,42550.0,7670185.0
2019.05.14,42650.0,0.0,41300.0,43100.0,41300.0,11563730.0
2019.05.13,42650.0,250.0,42500.0,43200.0,42350.0,7635079.0
2019.05.10,42900.0,450.0,42600.0,43450.0,42450.0,14579512.0
2019.05.09,42450.0,1800.0,43900.0,44250.0,42450.0,23029718.0
2019.05.08,44250.0,600.0,44300.0,44850.0,44200.0,10398754.0
2019.05.07,44850.0,450.0,45250.0,45300.0,44400.0,12014907.0
2019.05.03,45300.0,600.0,45900.0,46050.0,45300.0,6562916.0
2019.05.02,45900.0,50.0,45500.0,46150.0,45400.0,8625126.0
2019.04.30,45850.0,300.0,46000.0,46300.0,45350.0,11121273.0
2019.04.29,46150.0,1300.0,45150.0,46150.0,45100.0,8777517.0
2019.04.26,44850.0,200.0,44200.0,45000.0,43800.0,9739982.0
2019.04.25,44650.0,100.0,44250.0,45000.0,44100.0,10868965.0
2019.04.24,44750.0,450.0,45400.0,45650.0,44150.0,13299267.0
2019.04.23,45200.0,150.0,45050.0,45500.0,45000.0,6920566.0
2019.04.22,45350.0,50.0,45400.0,45900.0,45100.0,6006957.0
2019.04.19,45300.0,300.0,45750.0,46000.0,45250.0,8479710.0
2019.04.18,45600.0,1450.0,47200.0,47250.0,45500.0,12808747.0
2019.04.17,47050.0,200.0,47300.0,47600.0,47000.0,5513658.0
2019.04.16,47250.0,200.0,47400.0,47400.0,46800.0,7730881.0
2019.04.15,47050.0,200.0,47150.0,47500.0,47000.0,8733019.0
2019.04.12,46850.0,600.0,46050.0,46900.0,46000.0,7668936.0
2019.04.11,46250.0,450.0,46700.0,46800.0,46150.0,13697399.0
2019.04.10,46700.0,50.0,46400.0,46700.0,46050.0,11883995.0
2019.04.09,46650.0,0.0,46700.0,46950.0,46200.0,6878761.0
2019.04.08,46650.0,200.0,47250.0,47250.0,46150.0,8507909.0
2019.04.05,46850.0,100.0,46950.0,47550.0,46600.0,8546339.0
2019.04.04,46950.0,350.0,46150.0,47100.0,46150.0,12650168.0
2019.04.03,46600.0,850.0,46750.0,46750.0,45800.0,12436570.0
2019.04.02,45750.0,700.0,45550.0,46100.0,45350.0,9480688.0
2019.04.01,45050.0,400.0,45200.0,45450.0,44850.0,7362129.0
2019.03.29,44650.0,200.0,44500.0,44900.0,44200.0,11491713.0
2019.03.28,44850.0,500.0,44950.0,45200.0,44300.0,6821306.0
2019.03.27,45350.0,100.0,44750.0,45600.0,44250.0,9568081.0
2019.03.26,45250.0,250.0,45500.0,45700.0,44900.0,9729811.0
2019.03.25,45500.0,1050.0,45300.0,45650.0,44800.0,8699728.0
2019.03.22,46550.0,700.0,46850.0,47000.0,46250.0,12535911.0
2019.03.21,45850.0,1800.0,44600.0,46250.0,44050.0,21138016.0
2019.03.20,44050.0,150.0,43800.0,44200.0,43100.0,9846242.0
2019.03.19,43900.0,200.0,43750.0,43900.0,43550.0,7609563.0
2019.03.18,43700.0,500.0,43950.0,44150.0,43450.0,8188876.0
2019.03.15,44200.0,350.0,43800.0,44250.0,43700.0,16814163.0
2019.03.14,43850.0,0.0,43700.0,44300.0,43550.0,18039161.0
2019.03.13,43850.0,800.0,44250.0,44450.0,43700.0,8108343.0
2019.03.12,44650.0,1000.0,44300.0,44950.0,44150.0,11431977.0
2019.03.11,43650.0,150.0,44400.0,44450.0,43650.0,10717408.0
2019.03.08,43800.0,650.0,44450.0,44800.0,43800.0,7729069.0
2019.03.07,44450.0,450.0,43400.0,44950.0,43400.0,11049749.0
2019.03.06,44000.0,250.0,44000.0,44300.0,43700.0,10202544.0
2019.03.05,44250.0,600.0,44600.0,45100.0,44150.0,10612405.0
2019.03.04,44850.0,250.0,46000.0,46100.0,44800.0,12926539.0
2019.02.28,45100.0,1650.0,46400.0,46500.0,45100.0,23569321.0
2019.02.27,46750.0,0.0,47000.0,47250.0,46750.0,8045211.0
2019.02.26,46750.0,600.0,47350.0,47450.0,46500.0,7985547.0
2019.02.25,47350.0,200.0,47400.0,47550.0,47050.0,7484716.0
2019.02.22,47150.0,200.0,46500.0,47150.0,46450.0,6895772.0
2019.02.21,46950.0,50.0,46500.0,47200.0,46200.0,8694009.0
2019.02.20,46900.0,950.0,46750.0,47100.0,46500.0,11506720.0
2019.02.19,45950.0,250.0,45850.0,46150.0,45450.0,6741395.0
2019.02.18,46200.0,150.0,46500.0,46850.0,45850.0,8183728.0
2019.02.15,46050.0,1450.0,46750.0,46850.0,45650.0,10554643.0
2019.02.14,47500.0,1300.0,46600.0,47500.0,46150.0,17259341.0
2019.02.13,46200.0,150.0,46400.0,46700.0,46000.0,11299738.0
2019.02.12,46050.0,1050.0,44650.0,46250.0,44650.0,13184367.0
2019.02.11,45000.0,200.0,44500.0,45000.0,44250.0,11125044.0
2019.02.08,44800.0,1400.0,45700.0,45700.0,44650.0,12689196.0
2019.02.07,46200.0,150.0,46800.0,47100.0,46200.0,15872001.0
2019.02.01,46350.0,200.0,46650.0,46950.0,46250.0,13832454.0
2019.01.31,46150.0,250.0,46650.0,47050.0,46150.0,21621145.0
2019.01.30,46400.0,900.0,44800.0,46400.0,44800.0,17505980.0
2019.01.29,45500.0,450.0,45050.0,45500.0,44350.0,16215017.0
2019.01.28,45050.0,300.0,45000.0,45500.0,44600.0,17998914.0
2019.01.25,44750.0,1700.0,44300.0,44750.0,43750.0,22789395.0
2019.01.24,43050.0,1050.0,43050.0,43100.0,42350.0,14747623.0
2019.01.23,42000.0,150.0,41350.0,42250.0,41350.0,11071079.0
2019.01.22,42150.0,600.0,42750.0,42850.0,41850.0,9964356.0
2019.01.21,42750.0,450.0,42700.0,42750.0,41900.0,11355701.0
2019.01.18,42300.0,350.0,42000.0,42400.0,41950.0,11029256.0
2019.01.17,41950.0,500.0,41700.0,42100.0,41450.0,11736903.0
2019.01.16,41450.0,350.0,41150.0,41450.0,40700.0,8491595.0
2019.01.15,41100.0,1050.0,40050.0,41100.0,39850.0,11492756.0
2019.01.14,40050.0,450.0,40450.0,40700.0,39850.0,11984996.0
2019.01.11,40500.0,700.0,40350.0,40550.0,39950.0,11661063.0
2019.01.10,39800.0,200.0,40000.0,40150.0,39600.0,14731699.0
2019.01.09,39600.0,1500.0,38650.0,39600.0,38300.0,17452708.0
2019.01.08,38100.0,650.0,38000.0,39200.0,37950.0,12756554.0
2019.01.07,38750.0,1300.0,38000.0,38900.0,37800.0,12748997.0
2019.01.04,37450.0,150.0,37450.0,37600.0,36850.0,14108958.0
2019.01.03,37600.0,1150.0,38300.0,38550.0,37450.0,12471493.0
2019.01.02,38750.0,50.0,39400.0,39400.0,38550.0,7847664.0
2018.12.28,38700.0,450.0,38250.0,38900.0,38200.0,9900267.0
2018.12.27,38250.0,100.0,38700.0,38800.0,38100.0,10510643.0
2018.12.26,38350.0,450.0,38400.0,38750.0,38300.0,12707675.0
2018.12.24,38800.0,150.0,38500.0,39050.0,38300.0,9729530.0
2018.12.21,38650.0,0.0,38200.0,38650.0,38100.0,14947080.0
2018.12.20,38650.0,450.0,38600.0,39100.0,38500.0,11937617.0
2018.12.19,39100.0,200.0,38900.0,39350.0,38850.0,9942037.0
2018.12.18,38900.0,250.0,38300.0,39200.0,38300.0,11042101.0
2018.12.17,39150.0,200.0,38650.0,39600.0,38650.0,11532968.0
2018.12.14,38950.0,1050.0,40200.0,40200.0,38700.0,19671783.0
2018.12.13,40000.0,450.0,40650.0,40750.0,40000.0,26254646.0
2018.12.12,40450.0,200.0,40250.0,40700.0,40150.0,12024279.0
2018.12.11,40250.0,50.0,40600.0,40700.0,40200.0,10638766.0
2018.12.10,40200.0,750.0,40450.0,40650.0,40000.0,14892263.0
2018.12.07,40950.0,450.0,40900.0,41400.0,40850.0,11433083.0
2018.12.06,40500.0,950.0,40600.0,41100.0,40450.0,14251826.0
2018.12.05,41450.0,700.0,40900.0,41750.0,40850.0,12631983.0
2018.12.04,42150.0,1100.0,42650.0,42900.0,41900.0,14347746.0
2018.12.03,43250.0,1400.0,42750.0,43400.0,42400.0,12110702.0
2018.11.30,41850.0,1300.0,43450.0,44000.0,41750.0,19775519.0
2018.11.29,43150.0,0.0,43850.0,43850.0,42900.0,8473511.0
2018.11.28,43150.0,100.0,42800.0,43200.0,42750.0,6943099.0
2018.11.27,43050.0,450.0,42900.0,43100.0,42500.0,8367091.0
2018.11.26,42600.0,200.0,42150.0,42800.0,42100.0,6613009.0
2018.11.23,42400.0,50.0,42450.0,42600.0,41900.0,5192638.0
2018.11.22,42450.0,350.0,42000.0,42650.0,42000.0,5970796.0
2018.11.21,42100.0,700.0,41800.0,42300.0,41800.0,10769589.0
2018.11.20,42800.0,850.0,42450.0,43000.0,42100.0,9420664.0
2018.11.19,43650.0,350.0,44050.0,44250.0,43450.0,7538720.0
2018.11.16,44000.0,250.0,44600.0,44750.0,43700.0,7777124.0
2018.11.15,44250.0,150.0,44050.0,44350.0,43500.0,5864067.0
2018.11.14,44100.0,400.0,44500.0,44500.0,43800.0,6783344.0
2018.11.13,44500.0,700.0,43900.0,44500.0,43400.0,9311126.0
2018.11.12,45200.0,900.0,43850.0,45250.0,43700.0,8552566.0
2018.11.09,44300.0,250.0,44450.0,44850.0,43900.0,7318500.0
2018.11.08,44050.0,50.0,44900.0,45050.0,44050.0,12617397.0
2018.11.07,44000.0,250.0,43600.0,44500.0,43400.0,11553998.0
2018.11.06,43750.0,50.0,43750.0,43800.0,42950.0,7713625.0
2018.11.05,43800.0,350.0,43750.0,43800.0,42900.0,9426777.0
2018.11.02,44150.0,2000.0,43050.0,44250.0,42800.0,16517112.0
2018.11.01,42150.0,250.0,42450.0,42950.0,42150.0,13423132.0
2018.10.31,42400.0,50.0,42900.0,43350.0,41700.0,17621480.0
2018.10.30,42350.0,950.0,41400.0,43000.0,41000.0,14205190.0
2018.10.29,41400.0,400.0,40850.0,41950.0,40550.0,14460521.0
2018.10.26,41000.0,0.0,41100.0,41300.0,40400.0,14413864.0
2018.10.25,41000.0,1550.0,40600.0,41550.0,40550.0,19338170.0
2018.10.24,42550.0,500.0,43050.0,43100.0,42250.0,13522825.0
2018.10.23,43050.0,500.0,43300.0,43450.0,42550.0,9531231.0
2018.10.22,43550.0,350.0,43450.0,43950.0,43200.0,8357648.0
2018.10.19,43900.0,150.0,43900.0,44150.0,43450.0,7842520.0
2018.10.18,44050.0,100.0,43950.0,44450.0,43700.0,8347725.0
2018.10.17,44150.0,550.0,44150.0,44500.0,44000.0,8306193.0
2018.10.16,43600.0,200.0,43700.0,44150.0,43350.0,6825677.0
2018.10.15,43800.0,200.0,44050.0,44050.0,43350.0,7434522.0
2018.10.12,44000.0,900.0,43200.0,44650.0,43200.0,12640906.0
2018.10.11,43100.0,2200.0,44000.0,44650.0,43100.0,19324537.0
2018.10.10,45300.0,350.0,45250.0,45500.0,44500.0,10341349.0
2018.10.08,44950.0,250.0,44200.0,45200.0,44200.0,6759464.0
2018.10.05,44700.0,0.0,44800.0,45500.0,44550.0,10544165.0
2018.10.04,44700.0,1000.0,45150.0,45600.0,44700.0,11865327.0
2018.10.02,45700.0,650.0,46450.0,46700.0,45700.0,6607188.0
2018.10.01,46350.0,100.0,46450.0,46800.0,45800.0,6354983.0
2018.09.28,46450.0,1050.0,47250.0,47250.0,46300.0,11270515.0
2018.09.27,47500.0,100.0,46950.0,47500.0,46450.0,15804586.0
2018.09.21,47400.0,150.0,46550.0,47550.0,46550.0,14476906.0
2018.09.20,47250.0,1100.0,46850.0,47600.0,46400.0,13536966.0
2018.09.19,46150.0,650.0,46000.0,46200.0,45700.0,9367454.0
2018.09.18,45500.0,350.0,44950.0,45900.0,44700.0,9987090.0
2018.09.17,45150.0,700.0,45550.0,45800.0,44900.0,8123384.0
2018.09.14,45850.0,1800.0,45000.0,45850.0,44900.0,12446344.0
2018.09.13,44050.0,500.0,44550.0,44750.0,44000.0,18277942.0
2018.09.12,44550.0,500.0,44900.0,45100.0,44500.0,12995269.0
2018.09.11,45050.0,450.0,45550.0,45900.0,45050.0,9865790.0
2018.09.10,45500.0,600.0,45450.0,45550.0,45000.0,9979838.0
2018.09.07,44900.0,1200.0,44500.0,45200.0,44400.0,18285508.0
2018.09.06,46100.0,500.0,46200.0,46400.0,45800.0,9040553.0
2018.09.05,46600.0,1050.0,47300.0,47450.0,46400.0,9139998.0
2018.09.04,47650.0,200.0,47550.0,47800.0,47200.0,6791255.0
2018.09.03,47450.0,1000.0,48200.0,48300.0,47300.0,8595084.0
2018.08.31,48450.0,800.0,47100.0,48450.0,47000.0,13577454.0
2018.08.30,47650.0,850.0,46950.0,47950.0,46700.0,12193231.0
2018.08.29,46800.0,250.0,46750.0,46800.0,46400.0,5572374.0
2018.08.28,46550.0,250.0,46800.0,46950.0,46300.0,7365976.0
2018.08.27,46300.0,150.0,46100.0,46550.0,46000.0,5263782.0
2018.08.24,46150.0,50.0,45900.0,46400.0,45550.0,6582535.0
2018.08.23,46200.0,100.0,46150.0,46200.0,45700.0,6730918.0
2018.08.22,46100.0,1300.0,45150.0,46200.0,44900.0,11641656.0
2018.08.21,44800.0,950.0,43700.0,44900.0,43700.0,9520270.0
2018.08.20,43850.0,250.0,43500.0,44200.0,43500.0,7289124.0
2018.08.17,44100.0,150.0,44050.0,44400.0,44050.0,6808747.0
2018.08.16,44250.0,900.0,43800.0,44650.0,43700.0,10088229.0
2018.08.14,45150.0,100.0,44850.0,45400.0,44850.0,6409259.0
2018.08.13,45050.0,350.0,44950.0,45100.0,44650.0,9803831.0
2018.08.10,45400.0,1500.0,46150.0,46400.0,44850.0,16670643.0
2018.08.09,46900.0,100.0,47000.0,47050.0,46450.0,12010886.0
2018.08.08,46800.0,100.0,47000.0,47000.0,46550.0,6429338.0
2018.08.07,46700.0,900.0,46300.0,46750.0,45900.0,9058174.0
2018.08.06,45800.0,50.0,46150.0,46150.0,45750.0,6771979.0
2018.08.03,45750.0,200.0,45850.0,45900.0,45450.0,8274944.0
2018.08.02,45550.0,1000.0,46550.0,46800.0,45500.0,8560924.0
2018.08.01,46550.0,300.0,46050.0,46850.0,46050.0,7484499.0
2018.07.31,46250.0,250.0,46200.0,46450.0,46000.0,8033607.0
2018.07.30,46500.0,400.0,46550.0,46800.0,46350.0,5723035.0
2018.07.27,46900.0,0.0,46450.0,47000.0,46450.0,4762460.0
2018.07.26,46900.0,750.0,46100.0,47000.0,46000.0,7374946.0
2018.07.25,46150.0,0.0,46250.0,46550.0,45900.0,7222471.0
2018.07.24,46150.0,350.0,46350.0,46600.0,45950.0,8261363.0
2018.07.23,46500.0,950.0,47100.0,47200.0,46150.0,10823782.0
2018.07.20,47450.0,550.0,47000.0,47600.0,46700.0,10474547.0
2018.07.19,46900.0,350.0,47050.0,47200.0,46600.0,9880128.0
2018.07.18,46550.0,700.0,46700.0,47200.0,46450.0,10952645.0
2018.07.17,45850.0,200.0,46150.0,46200.0,45600.0,8892953.0
2018.07.16,46050.0,450.0,46800.0,46800.0,46000.0,7678719.0
2018.07.13,46500.0,1000.0,45800.0,46500.0,45750.0,11543389.0
2018.07.12,45500.0,500.0,45900.0,46250.0,45450.0,11828104.0
2018.07.11,46000.0,300.0,46400.0,46450.0,45400.0,11224077.0
2018.07.10,46300.0,700.0,46200.0,46550.0,46100.0,10528665.0
2018.07.09,45600.0,700.0,45500.0,46100.0,45200.0,11602464.0
2018.07.06,44900.0,1050.0,45500.0,45850.0,44650.0,17843706.0
2018.07.05,45950.0,300.0,46100.0,46550.0,45600.0,7039773.0
2018.07.04,46250.0,100.0,46700.0,47050.0,46050.0,8776763.0
2018.07.03,46150.0,600.0,45750.0,46450.0,45750.0,10959655.0
2018.07.02,45550.0,1100.0,46500.0,47150.0,45500.0,13112253.0
2018.06.29,46650.0,150.0,46250.0,47150.0,46200.0,14099635.0
2018.06.28,46800.0,1150.0,46850.0,47150.0,46600.0,12784800.0
2018.06.27,47950.0,950.0,47450.0,48500.0,47000.0,15274752.0
2018.06.26,47000.0,350.0,45900.0,47300.0,45900.0,11223166.0
2018.06.25,46650.0,600.0,47050.0,47050.0,46150.0,10587711.0
2018.06.22,47250.0,200.0,47000.0,47250.0,46200.0,10298006.0
2018.06.21,47050.0,50.0,47900.0,47900.0,47050.0,10015541.0
2018.06.20,47000.0,0.0,47450.0,47600.0,46850.0,12959316.0
2018.06.19,47000.0,400.0,47200.0,47350.0,46500.0,15217971.0
2018.06.18,46600.0,1050.0,47600.0,47650.0,46200.0,16661870.0
2018.06.15,47650.0,550.0,48500.0,48700.0,47650.0,17080892.0
2018.06.14,48200.0,1200.0,49000.0,49000.0,48200.0,20971729.0
2018.06.12,49400.0,500.0,49700.0,49800.0,49250.0,12110569.0
2018.06.11,49900.0,250.0,49750.0,50300.0,49350.0,10571312.0
2018.06.08,49650.0,950.0,50200.0,50400.0,49600.0,16951706.0
2018.06.07,50600.0,700.0,51800.0,51800.0,50500.0,13590016.0
2018.06.05,51300.0,200.0,51100.0,51400.0,50400.0,9144100.0
2018.06.04,51100.0,200.0,50800.0,51200.0,50700.0,9767171.0
2018.06.01,51300.0,600.0,50500.0,51700.0,49950.0,13038499.0
2018.05.31,50700.0,1200.0,50400.0,50800.0,49850.0,63491109.0
2018.05.30,49500.0,1800.0,51300.0,51500.0,49100.0,20498098.0
2018.05.29,51300.0,1000.0,52200.0,52500.0,51300.0,8480437.0
2018.05.28,52300.0,400.0,52500.0,53000.0,52000.0,9787820.0
2018.05.25,52700.0,1300.0,51000.0,52800.0,50800.0,15207266.0
2018.05.24,51400.0,400.0,52000.0,52000.0,51100.0,8289275.0
2018.05.23,51800.0,1800.0,50600.0,52000.0,50400.0,17095490.0
2018.05.21,50000.0,500.0,49650.0,50200.0,49100.0,9020998.0
2018.05.18,49500.0,100.0,49900.0,49900.0,49350.0,6706570.0
2018.05.17,49400.0,450.0,50300.0,50500.0,49400.0,10365440.0
2018.05.16,49850.0,650.0,49200.0,50200.0,49150.0,15918683.0
2018.05.15,49200.0,900.0,50200.0,50400.0,49100.0,18709146.0
2018.05.14,50100.0,1200.0,51000.0,51100.0,49900.0,14909272.0
2018.05.11,51300.0,300.0,52000.0,52200.0,51200.0,10314997.0
2018.05.10,51600.0,700.0,51700.0,51700.0,50600.0,13905263.0
2018.05.09,50900.0,1700.0,52600.0,52800.0,50900.0,16128305.0
2018.05.08,52600.0,700.0,52600.0,53200.0,51900.0,23104720.0
2018.05.04,51900.0,1100.0,53000.0,53900.0,51800.0,39565391.0
2018.05.03,2650000.0,0.0,0.0,0.0,0.0,0.0
2018.05.02,2650000.0,0.0,0.0,0.0,0.0,0.0
2018.04.30,2650000.0,0.0,0.0,0.0,0.0,0.0
2018.04.27,2650000.0,43000.0,2669000.0,2682000.0,2622000.0,606216.0
2018.04.26,2607000.0,87000.0,2521000.0,2608000.0,2520000.0,360931.0
2018.04.25,2520000.0,3000.0,2461000.0,2525000.0,2461000.0,332292.0
2018.04.24,2523000.0,72000.0,2592000.0,2593000.0,2504000.0,315406.0
2018.04.23,2595000.0,14000.0,2550000.0,2604000.0,2550000.0,232380.0
2018.04.20,2581000.0,58000.0,2590000.0,2613000.0,2571000.0,235220.0
2018.04.19,2639000.0,71000.0,2600000.0,2649000.0,2577000.0,343811.0
2018.04.18,2568000.0,69000.0,2550000.0,2568000.0,2529000.0,269252.0
2018.04.17,2499000.0,18000.0,2512000.0,2527000.0,2491000.0,155440.0
2018.04.16,2517000.0,27000.0,2516000.0,2530000.0,2493000.0,157549.0
2018.04.13,2490000.0,40000.0,2480000.0,2509000.0,2470000.0,205566.0
2018.04.12,2450000.0,7000.0,2472000.0,2472000.0,2444000.0,249325.0
2018.04.11,2443000.0,1000.0,2495000.0,2495000.0,2430000.0,201022.0
2018.04.10,2444000.0,16000.0,2427000.0,2461000.0,2402000.0,219687.0
2018.04.09,2460000.0,40000.0,2413000.0,2472000.0,2410000.0,199008.0
2018.04.06,2420000.0,17000.0,2400000.0,2429000.0,2370000.0,250654.0
2018.04.05,2437000.0,91000.0,2370000.0,2469000.0,2367000.0,264912.0
2018.04.04,2346000.0,60000.0,2408000.0,2413000.0,2346000.0,247684.0
2018.04.03,2406000.0,21000.0,2394000.0,2407000.0,2364000.0,255365.0
2018.04.02,2427000.0,34000.0,2450000.0,2461000.0,2425000.0,142313.0
2018.03.30,2461000.0,9000.0,2454000.0,2495000.0,2454000.0,155542.0
2018.03.29,2452000.0,17000.0,2435000.0,2478000.0,2416000.0,201340.0
2018.03.28,2435000.0,64000.0,2455000.0,2455000.0,2417000.0,303189.0
2018.03.27,2499000.0,15000.0,2516000.0,2523000.0,2454000.0,237480.0
2018.03.26,2514000.0,28000.0,2471000.0,2514000.0,2452000.0,201155.0
2018.03.23,2486000.0,103000.0,2517000.0,2536000.0,2480000.0,297099.0
2018.03.22,2589000.0,36000.0,2553000.0,2589000.0,2552000.0,169082.0
2018.03.21,2553000.0,7000.0,2589000.0,2589000.0,2553000.0,178104.0
2018.03.20,2560000.0,23000.0,2535000.0,2560000.0,2505000.0,163865.0
2018.03.19,2537000.0,20000.0,2531000.0,2567000.0,2522000.0,164377.0
2018.03.16,2557000.0,20000.0,2561000.0,2571000.0,2512000.0,243698.0
2018.03.15,2577000.0,11000.0,2600000.0,2601000.0,2551000.0,177649.0
2018.03.14,2588000.0,5000.0,2551000.0,2600000.0,2550000.0,254265.0
2018.03.13,2583000.0,96000.0,2538000.0,2583000.0,2518000.0,401974.0
2018.03.12,2487000.0,0.0,2528000.0,2539000.0,2479000.0,173779.0
2018.03.09,2487000.0,27000.0,2472000.0,2527000.0,2462000.0,286088.0
2018.03.08,2460000.0,29000.0,2460000.0,2474000.0,2404000.0,389273.0
2018.03.07,2431000.0,80000.0,2410000.0,2445000.0,2361000.0,428541.0
2018.03.06,2351000.0,91000.0,2296000.0,2355000.0,2291000.0,308467.0
2018.03.05,2260000.0,41000.0,2291000.0,2308000.0,2254000.0,282019.0
2018.03.02,2301000.0,52000.0,2329000.0,2340000.0,2300000.0,265310.0
2018.02.28,2353000.0,16000.0,2369000.0,2405000.0,2350000.0,303247.0
2018.02.27,2369000.0,0.0,2418000.0,2419000.0,2369000.0,196611.0
2018.02.26,2369000.0,8000.0,2364000.0,2378000.0,2354000.0,191213.0
2018.02.23,2361000.0,23000.0,2338000.0,2390000.0,2338000.0,248466.0
2018.02.22,2338000.0,26000.0,2363000.0,2363000.0,2338000.0,177399.0
2018.02.21,2364000.0,6000.0,2364000.0,2379000.0,2342000.0,257604.0
2018.02.20,2370000.0,49000.0,2402000.0,2408000.0,2361000.0,202452.0
2018.02.19,2419000.0,31000.0,2490000.0,2490000.0,2393000.0,307069.0
2018.02.14,2450000.0,73000.0,2404000.0,2455000.0,2397000.0,378118.0
2018.02.13,2377000.0,91000.0,2310000.0,2403000.0,2310000.0,378465.0
2018.02.12,2286000.0,51000.0,2255000.0,2316000.0,2252000.0,315099.0
2018.02.09,2235000.0,65000.0,2222000.0,2259000.0,2221000.0,349300.0
2018.02.08,2300000.0,10000.0,2306000.0,2331000.0,2299000.0,465021.0
2018.02.07,2290000.0,81000.0,2412000.0,2413000.0,2290000.0,468961.0
2018.02.06,2371000.0,25000.0,2330000.0,2396000.0,2329000.0,388129.0
2018.02.05,2396000.0,11000.0,2325000.0,2416000.0,2300000.0,567158.0
2018.02.02,2385000.0,106000.0,2469000.0,2470000.0,2385000.0,585207.0
2018.02.01,2491000.0,4000.0,2531000.0,2548000.0,2486000.0,552189.0
2018.01.31,2495000.0,5000.0,2501000.0,2707000.0,2480000.0,1293626.0
2018.01.30,2490000.0,71000.0,2522000.0,2532000.0,2489000.0,245691.0
2018.01.29,2561000.0,22000.0,2560000.0,2574000.0,2545000.0,236776.0
2018.01.26,2539000.0,26000.0,2525000.0,2539000.0,2492000.0,207002.0
2018.01.25,2513000.0,46000.0,2461000.0,2518000.0,2458000.0,223207.0
2018.01.24,2467000.0,9000.0,2443000.0,2485000.0,2428000.0,191010.0
2018.01.23,2458000.0,46000.0,2433000.0,2458000.0,2415000.0,270654.0
2018.01.22,2412000.0,54000.0,2432000.0,2434000.0,2398000.0,250418.0
2018.01.19,2466000.0,29000.0,2519000.0,2519000.0,2452000.0,184399.0
2018.01.18,2495000.0,14000.0,2501000.0,2532000.0,2491000.0,296977.0
2018.01.17,2481000.0,19000.0,2501000.0,2501000.0,2453000.0,221061.0
2018.01.16,2500000.0,73000.0,2438000.0,2507000.0,2431000.0,407793.0
2018.01.15,2427000.0,17000.0,2440000.0,2449000.0,2396000.0,201920.0
2018.01.12,2410000.0,2000.0,2412000.0,2424000.0,2338000.0,545409.0
2018.01.11,2412000.0,30000.0,2410000.0,2463000.0,2401000.0,502476.0
2018.01.10,2442000.0,78000.0,2525000.0,2526000.0,2432000.0,371336.0
2018.01.09,2520000.0,81000.0,2573000.0,2586000.0,2499000.0,360272.0
2018.01.08,2601000.0,5000.0,2620000.0,2626000.0,2575000.0,167673.0
2018.01.05,2606000.0,52000.0,2565000.0,2606000.0,2560000.0,189623.0
2018.01.04,2554000.0,27000.0,2606000.0,2609000.0,2532000.0,233909.0
2018.01.03,2581000.0,30000.0,2627000.0,2628000.0,2571000.0,200270.0
2018.01.02,2551000.0,3000.0,2569000.0,2570000.0,2539000.0,169485.0
2017.12.28,2548000.0,80000.0,2478000.0,2548000.0,2475000.0,179709.0
2017.12.27,2468000.0,58000.0,2448000.0,2478000.0,2423000.0,214872.0
2017.12.26,2410000.0,75000.0,2488000.0,2505000.0,2410000.0,320797.0
2017.12.22,2485000.0,28000.0,2470000.0,2498000.0,2462000.0,223993.0
2017.12.21,2457000.0,87000.0,2550000.0,2553000.0,2455000.0,312486.0
2017.12.20,2544000.0,34000.0,2575000.0,2588000.0,2541000.0,201611.0
2017.12.19,2578000.0,18000.0,2577000.0,2604000.0,2576000.0,239572.0
2017.12.18,2560000.0,29000.0,2531000.0,2562000.0,2531000.0,147005.0
2017.12.15,2531000.0,22000.0,2562000.0,2574000.0,2526000.0,298571.0
2017.12.14,2553000.0,13000.0,2566000.0,2614000.0,2553000.0,406208.0
2017.12.13,2566000.0,39000.0,2605000.0,2605000.0,2555000.0,226674.0
2017.12.12,2605000.0,16000.0,2591000.0,2605000.0,2583000.0,175301.0
2017.12.11,2589000.0,11000.0,2600000.0,2602000.0,2575000.0,162517.0
2017.12.08,2600000.0,63000.0,2568000.0,2600000.0,2552000.0,225809.0
2017.12.07,2537000.0,36000.0,2502000.0,2549000.0,2501000.0,221312.0
2017.12.06,2501000.0,62000.0,2563000.0,2578000.0,2501000.0,217784.0
2017.12.05,2563000.0,4000.0,2530000.0,2565000.0,2514000.0,186531.0
2017.12.04,2567000.0,25000.0,2542000.0,2567000.0,2501000.0,297301.0
2017.12.01,2542000.0,2000.0,2540000.0,2589000.0,2540000.0,257372.0
2017.11.30,2540000.0,90000.0,2540000.0,2593000.0,2510000.0,592683.0
2017.11.29,2630000.0,34000.0,2660000.0,2662000.0,2625000.0,191805.0
2017.11.28,2664000.0,32000.0,2635000.0,2664000.0,2586000.0,269988.0
2017.11.27,2632000.0,141000.0,2768000.0,2768000.0,2632000.0,362578.0
2017.11.24,2773000.0,8000.0,2765000.0,2775000.0,2759000.0,90724.0
2017.11.23,2765000.0,33000.0,2798000.0,2799000.0,2751000.0,125458.0
2017.11.22,2798000.0,34000.0,2799000.0,2810000.0,2781000.0,159059.0
2017.11.21,2764000.0,4000.0,2770000.0,2792000.0,2764000.0,206494.0
2017.11.20,2760000.0,31000.0,2795000.0,2799000.0,2760000.0,189455.0
2017.11.17,2791000.0,2000.0,2820000.0,2844000.0,2791000.0,214663.0
2017.11.16,2789000.0,22000.0,2772000.0,2800000.0,2770000.0,152814.0
2017.11.15,2767000.0,29000.0,2796000.0,2816000.0,2766000.0,176339.0
2017.11.14,2796000.0,23000.0,2819000.0,2837000.0,2796000.0,134500.0
2017.11.13,2819000.0,1000.0,2820000.0,2840000.0,2805000.0,176133.0
2017.11.10,2820000.0,3000.0,2790000.0,2827000.0,2789000.0,134976.0
2017.11.09,2817000.0,21000.0,2846000.0,2846000.0,2795000.0,239881.0
2017.11.08,2838000.0,33000.0,2805000.0,2853000.0,2793000.0,170404.0
2017.11.07,2805000.0,14000.0,2819000.0,2846000.0,2793000.0,149291.0
2017.11.06,2819000.0,0.0,2819000.0,2825000.0,2767000.0,180019.0
2017.11.03,2819000.0,34000.0,2853000.0,2857000.0,2793000.0,198716.0
2017.11.02,2853000.0,8000.0,2875000.0,2876000.0,2838000.0,214421.0
2017.11.01,2861000.0,107000.0,2875000.0,2875000.0,2809000.0,290205.0
2017.10.31,2754000.0,52000.0,2703000.0,2772000.0,2675000.0,267631.0
2017.10.30,2702000.0,48000.0,2689000.0,2716000.0,2685000.0,163923.0
2017.10.27,2654000.0,34000.0,2620000.0,2666000.0,2607000.0,147850.0
2017.10.26,2620000.0,75000.0,2686000.0,2695000.0,2620000.0,195531.0
2017.10.25,2695000.0,7000.0,2702000.0,2721000.0,2685000.0,117657.0
2017.10.24,2702000.0,13000.0,2735000.0,2739000.0,2702000.0,116121.0
2017.10.23,2715000.0,23000.0,2730000.0,2732000.0,2700000.0,166221.0
2017.10.20,2692000.0,43000.0,2640000.0,2705000.0,2640000.0,160541.0
2017.10.19,2649000.0,89000.0,2735000.0,2735000.0,2649000.0,242174.0
2017.10.18,2738000.0,2000.0,2741000.0,2762000.0,2702000.0,202215.0
2017.10.17,2740000.0,44000.0,2701000.0,2769000.0,2700000.0,212156.0
2017.10.16,2696000.0,4000.0,2699000.0,2743000.0,2688000.0,195399.0
2017.10.13,2700000.0,40000.0,2727000.0,2742000.0,2689000.0,252033.0
2017.10.12,2740000.0,8000.0,2742000.0,2758000.0,2705000.0,277814.0
2017.10.11,2732000.0,92000.0,2680000.0,2738000.0,2667000.0,273043.0
2017.10.10,2640000.0,76000.0,2668000.0,2682000.0,2640000.0,410396.0
2017.09.29,2564000.0,1000.0,2559000.0,2581000.0,2542000.0,258188.0
2017.09.28,2563000.0,21000.0,2613000.0,2623000.0,2563000.0,240509.0
2017.09.27,2584000.0,1000.0,2600000.0,2610000.0,2575000.0,215940.0
2017.09.26,2583000.0,98000.0,2651000.0,2656000.0,2578000.0,341144.0
2017.09.25,2681000.0,31000.0,2650000.0,2684000.0,2650000.0,186062.0
2017.09.22,2650000.0,10000.0,2648000.0,2680000.0,2623000.0,278448.0
2017.09.21,2640000.0,29000.0,2611000.0,2648000.0,2611000.0,176796.0
2017.09.20,2611000.0,5000.0,2606000.0,2625000.0,2592000.0,185855.0
2017.09.19,2606000.0,18000.0,2625000.0,2632000.0,2589000.0,197008.0
2017.09.18,2624000.0,104000.0,2527000.0,2624000.0,2526000.0,230499.0
2017.09.15,2520000.0,5000.0,2515000.0,2528000.0,2493000.0,215146.0
2017.09.14,2515000.0,34000.0,2503000.0,2516000.0,2488000.0,284095.0
2017.09.13,2481000.0,1000.0,2491000.0,2520000.0,2472000.0,187140.0
2017.09.12,2480000.0,10000.0,2510000.0,2511000.0,2457000.0,240595.0
2017.09.11,2490000.0,36000.0,2485000.0,2509000.0,2475000.0,207495.0
2017.09.08,2454000.0,48000.0,2435000.0,2459000.0,2429000.0,217860.0
2017.09.07,2406000.0,56000.0,2350000.0,2411000.0,2350000.0,193530.0
2017.09.06,2350000.0,12000.0,2338000.0,2359000.0,2335000.0,216221.0
2017.09.05,2338000.0,36000.0,2312000.0,2345000.0,2298000.0,234322.0
2017.09.04,2302000.0,22000.0,2289000.0,2318000.0,2275000.0,158870.0
2017.09.01,2324000.0,8000.0,2323000.0,2332000.0,2315000.0,212834.0
2017.08.31,2316000.0,6000.0,2311000.0,2332000.0,2300000.0,220234.0
2017.08.30,2310000.0,6000.0,2319000.0,2320000.0,2298000.0,150260.0
2017.08.29,2304000.0,1000.0,2282000.0,2304000.0,2258000.0,252473.0
2017.08.28,2305000.0,46000.0,2351000.0,2362000.0,2298000.0,199242.0
2017.08.25,2351000.0,25000.0,2394000.0,2394000.0,2336000.0,224871.0
2017.08.24,2376000.0,2000.0,2376000.0,2383000.0,2367000.0,173149.0
2017.08.23,2374000.0,24000.0,2389000.0,2389000.0,2359000.0,187694.0
2017.08.22,2350000.0,8000.0,2341000.0,2358000.0,2335000.0,147635.0
2017.08.21,2342000.0,3000.0,2362000.0,2362000.0,2329000.0,102069.0
2017.08.18,2345000.0,7000.0,2338000.0,2362000.0,2312000.0,209559.0
2017.08.17,2352000.0,42000.0,2348000.0,2365000.0,2337000.0,248317.0
2017.08.16,2310000.0,60000.0,2311000.0,2319000.0,2300000.0,438273.0
2017.08.14,2250000.0,19000.0,2256000.0,2270000.0,2236000.0,383712.0
2017.08.11,2231000.0,64000.0,2256000.0,2265000.0,2211000.0,508146.0
2017.08.10,2295000.0,19000.0,2310000.0,2316000.0,2273000.0,459723.0
2017.08.09,2314000.0,72000.0,2370000.0,2370000.0,2312000.0,291108.0
2017.08.08,2386000.0,7000.0,2399000.0,2413000.0,2374000.0,159592.0
2017.08.07,2379000.0,6000.0,2375000.0,2404000.0,2372000.0,144365.0
2017.08.04,2385000.0,4000.0,2408000.0,2409000.0,2375000.0,167184.0
2017.08.03,2389000.0,61000.0,2450000.0,2450000.0,2356000.0,310816.0
2017.08.02,2450000.0,20000.0,2460000.0,2467000.0,2430000.0,155549.0
