,êµ? œ ê¸?
2020-08-28,"6,728.00"
2020-08-27,"6,602.50"
2020-08-26,"6,603.50"
2020-08-25,"6,544.50"
2020-08-24,"6,579.50"
2020-08-21,"6,564.50"
2020-08-20,"6,594.50"
2020-08-19,"6,667.00"
2020-08-18,"6,492.50"
2020-08-17,"6,439.50"
2020-08-14,"6,342.50"
2020-08-13,"6,380.00"
2020-08-12,"6,379.00"
2020-08-11,"6,356.50"
2020-08-10,"6,363.00"
2020-08-07,"6,437.00"
2020-08-06,"6,453.50"
2020-08-05,"6,525.50"
2020-08-04,"6,440.00"
2020-08-03,"6,441.00"
2020-07-31,"6,446.50"
2020-07-30,"6,433.50"
2020-07-29,"6,475.00"
2020-07-28,"6,399.50"
2020-07-27,"6,425.50"
2020-07-24,"6,412.50"
2020-07-23,"6,533.50"
2020-07-22,"6,527.00"
2020-07-21,"6,513.00"
2020-07-20,"6,416.50"
2020-07-17,"6,454.50"
2020-07-16,"6,385.00"
2020-07-15,"6,507.00"
2020-07-14,"6,489.50"
2020-07-13,"6,545.00"
2020-07-10,"6,322.50"
2020-07-09,"6,339.50"
2020-07-08,"6,194.00"
2020-07-07,"6,086.00"
2020-07-06,"6,112.00"
2020-07-03,"6,022.50"
2020-07-02,"6,080.00"
2020-07-01,"6,016.50"
2020-06-30,"6,038.00"
2020-06-29,"5,957.00"
2020-06-26,"5,985.50"
2020-06-25,"5,880.50"
2020-06-24,"5,871.00"
2020-06-23,"5,895.00"
2020-06-22,"5,825.00"
2020-06-19,"5,835.50"
2020-06-18,"5,799.00"
2020-06-17,"5,734.00"
2020-06-16,"5,759.50"
2020-06-15,"5,646.00"
2020-06-12,"5,785.50"
2020-06-11,"5,801.50"
2020-06-10,"5,801.00"
2020-06-09,"5,680.50"
2020-06-08,"5,659.00"
2020-06-05,"5,588.00"
2020-06-04,"5,452.50"
2020-06-03,"5,499.00"
2020-06-02,"5,463.00"
2020-06-01,"5,376.50"
2020-05-29,"5,332.50"
2020-05-28,"5,278.50"
2020-05-27,"5,308.50"
2020-05-26,"5,341.50"
2020-05-22,"5,242.50"
2020-05-21,"5,387.00"
2020-05-20,"5,333.00"
2020-05-19,"5,314.00"
2020-05-18,"5,249.50"
2020-05-15,"5,165.00"
2020-05-14,"5,155.50"
2020-05-13,"5,212.50"
2020-05-12,"5,234.00"
2020-05-11,"5,231.00"
2020-05-07,"5,227.50"
2020-05-06,"5,199.50"
2020-05-05,"5,111.50"
2020-05-04,"5,058.00"
2020-05-01,"5,061.00"
2020-04-30,"5,231.00"
2020-04-29,"5,184.00"
2020-04-28,"5,169.50"
2020-04-27,"5,165.50"
2020-04-24,"5,118.00"
2020-04-23,"5,120.50"
2020-04-22,"5,034.00"
2020-04-21,"4,994.50"
2020-04-20,"5,169.50"
2020-04-17,"5,175.50"
2020-04-16,"5,098.50"
2020-04-15,"5,054.50"
2020-04-14,"5,119.00"
2020-04-09,"4,963.50"
2020-04-08,"4,976.00"
2020-04-07,"5,067.50"
2020-04-06,"4,867.00"
2020-04-03,"4,863.50"
2020-04-02,"4,821.50"
2020-04-01,"4,772.00"
2020-03-31,"4,797.00"
2020-03-30,"4,763.00"
2020-03-27,"4,774.00"
2020-03-26,"4,775.50"
2020-03-25,"4,754.00"
2020-03-24,"4,789.50"
2020-03-23,"4,617.50"
2020-03-20,"4,855.00"
2020-03-19,"4,685.00"
2020-03-18,"4,860.50"
2020-03-17,"5,205.00"
2020-03-16,"5,211.00"
2020-03-13,"5,530.50"
2020-03-12,"5,386.50"
2020-03-11,"5,552.00"
2020-03-10,"5,598.00"
2020-03-09,"5,483.00"
2020-03-06,"5,624.00"
2020-03-05,"5,667.50"
2020-03-04,"5,694.50"
2020-03-03,"5,668.00"
2020-03-02,"5,640.00"
2020-02-28,"5,573.00"
2020-02-27,"5,618.00"
2020-02-26,"5,614.00"
2020-02-25,"5,663.50"
2020-02-24,"5,657.50"
2020-02-21,"5,702.00"
2020-02-20,"5,730.00"
2020-02-19,"5,745.50"
2020-02-18,"5,728.00"
2020-02-14,"5,737.00"
2020-02-13,"5,716.00"
2020-02-12,"5,747.00"
2020-02-11,"5,696.00"
2020-02-10,"5,659.50"
2020-02-07,"5,653.00"
2020-02-06,"5,726.00"
2020-02-05,"5,714.00"
2020-02-04,"5,652.00"
2020-02-03,"5,595.00"
2020-01-31,"5,570.00"
2020-01-30,"5,621.00"
2020-01-29,"5,698.00"
2020-01-28,"5,715.00"
2020-01-27,"5,779.00"
2020-01-24,"5,968.00"
2020-01-23,"6,050.00"
2020-01-22,"6,103.50"
2020-01-21,"6,158.50"
2020-01-20,"6,245.00"
2020-01-17,"6,276.50"
2020-01-16,"6,300.50"
2020-01-15,"6,232.00"
2020-01-14,"6,247.00"
2020-01-13,"6,177.00"
2020-01-10,"6,157.00"
2020-01-09,"6,156.00"
2020-01-08,"6,154.00"
2020-01-07,"6,134.50"
2020-01-06,"6,097.50"
2020-01-03,"6,077.00"
2020-01-02,"6,165.50"
2019-12-31,"6,156.00"
2019-12-30,"6,183.50"
2019-12-27,"6,211.00"
2019-12-26,"6,184.50"
2019-12-24,"6,184.50"
2019-12-23,"6,153.00"
2019-12-20,"6,155.50"
2019-12-19,"6,161.00"
2019-12-18,"6,126.50"
2019-12-17,"6,175.00"
2019-12-16,"6,155.50"
2019-12-13,"6,154.00"
2019-12-12,"6,097.00"
2019-12-11,"6,083.00"
2019-12-10,"6,055.00"
2019-12-09,"5,985.00"
2019-12-06,"5,867.50"
2019-12-05,"5,855.00"
2019-12-04,"5,823.00"
2019-12-03,"5,812.00"
2019-12-02,"5,855.50"
2019-11-29,"5,854.00"
2019-11-28,"5,881.50"
2019-11-27,"5,925.50"
2019-11-26,"5,856.00"
2019-11-25,"5,872.50"
2019-11-22,"5,834.00"
2019-11-21,"5,813.00"
2019-11-20,"5,873.00"
2019-11-19,"5,821.50"
2019-11-18,"5,828.00"
2019-11-15,"5,812.00"
2019-11-14,"5,835.00"
2019-11-13,"5,823.00"
2019-11-12,"5,838.00"
2019-11-11,"5,857.00"
2019-11-08,"5,951.50"
2019-11-07,"5,941.00"
2019-11-06,"5,913.50"
2019-11-05,"5,880.00"
2019-11-04,"5,846.50"
2019-11-01,"5,797.00"
2019-10-31,"5,825.00"
2019-10-30,"5,883.00"
2019-10-29,"5,879.50"
2019-10-28,"5,888.50"
2019-10-25,"5,867.50"
2019-10-24,"5,869.00"
2019-10-23,"5,773.00"
2019-10-22,"5,794.00"
2019-10-21,"5,820.00"
2019-10-18,"5,751.00"
2019-10-17,"5,726.50"
2019-10-16,"5,684.00"
2019-10-15,"5,745.00"
2019-10-14,"5,718.50"
2019-10-11,"5,763.00"
2019-10-10,"5,698.50"
2019-10-09,"5,660.00"
2019-10-08,"5,650.50"
2019-10-07,"5,626.00"
2019-10-04,"5,599.00"
2019-10-03,"5,626.00"
2019-10-02,"5,629.00"
2019-10-01,"5,610.00"
2019-09-30,"5,728.00"
2019-09-27,"5,714.00"
2019-09-26,"5,757.00"
2019-09-25,"5,718.50"
2019-09-24,"5,761.00"
2019-09-23,"5,695.00"
2019-09-20,"5,777.50"
2019-09-19,"5,758.50"
2019-09-18,"5,745.00"
2019-09-17,"5,762.00"
2019-09-16,"5,877.00"
2019-09-13,"5,870.00"
2019-09-12,"5,842.50"
2019-09-11,"5,765.00"
2019-09-10,"5,738.00"
2019-09-09,"5,771.00"
2019-09-06,"5,787.50"
2019-09-05,"5,777.00"
2019-09-04,"5,663.00"
2019-09-03,"5,537.00"
2019-09-02,"5,610.50"
2019-08-30,"5,678.00"
2019-08-29,"5,722.00"
2019-08-28,"5,653.00"
2019-08-27,"5,662.00"
2019-08-26,"5,675.00"
2019-08-23,"5,675.00"
2019-08-22,"5,668.00"
2019-08-21,"5,696.50"
2019-08-20,"5,698.00"
2019-08-19,"5,755.50"
2019-08-16,"5,710.00"
2019-08-15,"5,696.50"
2019-08-14,"5,732.00"
2019-08-13,"5,697.00"
2019-08-12,"5,724.50"
2019-08-09,"5,744.00"
2019-08-08,"5,723.00"
2019-08-07,"5,673.50"
2019-08-06,"5,667.00"
2019-08-05,"5,647.00"
2019-08-02,"5,769.00"
2019-08-01,"5,876.00"
2019-07-31,"5,926.00"
2019-07-30,"5,943.00"
2019-07-29,"5,949.50"
2019-07-26,"5,945.00"
2019-07-25,"6,010.00"
2019-07-24,"5,980.00"
2019-07-23,"5,968.50"
2019-07-22,"6,007.50"
2019-07-19,"6,066.00"
2019-07-18,"5,948.00"
2019-07-17,"5,922.00"
2019-07-16,"5,959.00"
2019-07-15,"5,997.50"
2019-07-12,"5,950.00"
2019-07-11,"5,925.00"
2019-07-10,"5,862.50"
2019-07-09,"5,805.00"
2019-07-08,"5,912.00"
2019-07-05,"5,857.00"
2019-07-04,"5,900.00"
2019-07-03,"5,874.00"
2019-07-02,"5,910.00"
2019-07-01,"5,999.00"
2019-06-28,"5,972.00"
2019-06-27,"5,953.50"
2019-06-26,"6,006.00"
2019-06-25,"5,985.50"
2019-06-24,"5,917.00"
2019-06-21,"5,941.00"
2019-06-20,"5,962.00"
2019-06-19,"5,895.00"
2019-06-18,"5,848.50"
2019-06-17,"5,756.00"
2019-06-14,"5,805.50"
2019-06-13,"5,797.50"
2019-06-12,"5,828.50"
2019-06-11,"5,905.00"
2019-06-10,"5,788.00"
2019-06-07,"5,770.00"
2019-06-06,"5,805.00"
2019-06-05,"5,832.50"
2019-06-04,"5,804.00"
2019-06-03,"5,796.00"
2019-05-31,"5,780.50"
2019-05-30,"5,823.00"
2019-05-29,"5,864.50"
2019-05-28,"5,956.50"
2019-05-24,"5,919.00"
2019-05-23,"5,860.00"
2019-05-22,"5,920.00"
2019-05-21,"6,004.00"
2019-05-20,"5,985.00"
2019-05-17,"6,025.00"
2019-05-16,"6,089.00"
2019-05-15,"6,002.00"
2019-05-14,"6,007.00"
2019-05-13,"6,042.50"
2019-05-10,"6,135.50"
2019-05-09,"6,112.00"
2019-05-08,"6,103.00"
2019-05-07,"6,174.00"
2019-05-03,"6,180.00"
2019-05-02,"6,214.00"
2019-05-01,"6,398.00"
2019-04-30,"6,442.00"
2019-04-29,"6,376.00"
2019-04-26,"6,393.00"
2019-04-25,"6,375.50"
2019-04-24,"6,437.50"
2019-04-23,"6,430.00"
2019-04-18,"6,448.00"
2019-04-17,"6,509.00"
2019-04-16,"6,460.00"
2019-04-15,"6,456.00"
2019-04-12,"6,490.00"
2019-04-11,"6,432.50"
2019-04-10,"6,447.00"
2019-04-09,"6,498.00"
2019-04-08,"6,432.50"
2019-04-05,"6,419.00"
2019-04-04,"6,444.00"
2019-04-03,"6,483.00"
2019-04-02,"6,431.00"
2019-04-01,"6,498.00"
2019-03-29,"6,485.00"
2019-03-28,"6,385.00"
2019-03-27,"6,338.50"
2019-03-26,"6,361.00"
2019-03-25,"6,328.00"
2019-03-22,"6,375.00"
2019-03-21,"6,520.00"
2019-03-20,"6,487.00"
2019-03-19,"6,500.00"
2019-03-18,"6,492.00"
2019-03-15,"6,410.00"
2019-03-14,"6,409.00"
2019-03-13,"6,529.00"
2019-03-12,"6,510.00"
2019-03-11,"6,435.00"
2019-03-08,"6,398.50"
2019-03-07,"6,458.00"
2019-03-06,"6,505.00"
2019-03-05,"6,553.50"
2019-03-04,"6,420.00"
2019-03-01,"6,572.00"
2019-02-28,"6,536.00"
2019-02-27,"6,533.00"
2019-02-26,"6,471.00"
2019-02-25,"6,546.00"
2019-02-22,"6,489.00"
2019-02-21,"6,391.00"
2019-02-20,"6,351.50"
2019-02-19,"6,246.50"
2019-02-15,"6,190.00"
2019-02-14,"6,178.50"
2019-02-13,"6,120.00"
2019-02-12,"6,102.00"
2019-02-11,"6,148.00"
2019-02-08,"6,207.00"
2019-02-07,"6,227.00"
2019-02-06,"6,210.00"
2019-02-05,"6,174.00"
2019-02-04,"6,076.50"
2019-02-01,"6,097.50"
2019-01-31,"6,148.00"
2019-01-30,"6,077.00"
2019-01-29,"6,007.00"
2019-01-28,"5,996.00"
2019-01-25,"5,901.00"
2019-01-24,"5,885.00"
2019-01-23,"5,920.50"
2019-01-22,"5,926.50"
2019-01-18,"6,022.00"
2019-01-17,"5,933.00"
2019-01-16,"5,911.00"
2019-01-15,"5,882.00"
2019-01-14,"5,861.00"
2019-01-11,"5,926.50"
2019-01-10,"5,908.50"
2019-01-09,"5,964.00"
2019-01-08,"5,904.50"
2019-01-07,"5,889.50"
2019-01-04,"5,840.00"
2019-01-03,"5,811.00"
2019-01-02,"5,839.00"
2018-12-31,"5,965.00"
2018-12-28,"6,018.00"
2018-12-27,"5,990.00"
2018-12-24,"5,931.50"
2018-12-21,"5,987.00"
2018-12-20,"6,015.00"
2018-12-19,"5,987.00"
2018-12-18,"6,043.00"
2018-12-17,"6,095.50"
2018-12-14,"6,104.00"
2018-12-13,"6,196.00"
2018-12-12,"6,151.00"
2018-12-11,"6,163.00"
2018-12-10,"6,112.00"
2018-12-07,"6,173.00"
2018-12-06,"6,112.00"
2018-12-05,"6,162.00"
2018-12-04,"6,278.00"
2018-12-03,"6,307.00"
2018-11-30,"6,238.00"
2018-11-29,"6,282.00"
2018-11-28,"6,198.00"
2018-11-27,"6,169.50"
2018-11-26,"6,246.00"
2018-11-23,"6,210.00"
2018-11-21,"6,242.00"
2018-11-20,"6,262.00"
2018-11-19,"6,260.00"
2018-11-16,"6,181.00"
2018-11-15,"6,188.00"
2018-11-14,"6,106.00"
2018-11-13,"6,130.00"
2018-11-12,"6,083.50"
2018-11-09,"6,088.00"
2018-11-08,"6,137.00"
2018-11-07,"6,210.00"
2018-11-06,"6,205.00"
2018-11-05,"6,239.00"
2018-11-02,"6,255.00"
2018-11-01,"6,070.00"
2018-10-31,"6,073.00"
2018-10-30,"6,136.00"
2018-10-29,"6,260.00"
2018-10-26,"6,159.00"
2018-10-25,"6,210.00"
2018-10-24,"6,215.00"
2018-10-23,"6,167.50"
2018-10-22,"6,284.00"
2018-10-19,"6,191.50"
2018-10-18,"6,147.00"
2018-10-17,"6,249.00"
2018-10-16,"6,202.00"
2018-10-15,"6,296.00"
2018-10-12,"6,325.00"
2018-10-11,"6,155.00"
2018-10-10,"6,294.00"
2018-10-09,"6,219.00"
2018-10-08,"6,169.00"
2018-10-05,"6,182.50"
2018-10-04,"6,310.00"
2018-10-03,"6,275.00"
2018-10-02,"6,274.00"
2018-10-01,"6,172.00"
2018-09-28,"6,180.00"
2018-09-27,"6,222.00"
2018-09-26,"6,257.50"
2018-09-25,"6,276.00"
2018-09-24,"6,320.00"
2018-09-21,"6,203.00"
2018-09-20,"6,057.00"
2018-09-19,"6,057.00"
2018-09-18,"6,003.00"
2018-09-17,"5,860.00"
2018-09-14,"5,946.50"
2018-09-13,"5,991.00"
2018-09-12,"5,891.00"
2018-09-11,"5,849.00"
2018-09-10,"5,840.50"
2018-09-07,"5,883.00"
2018-09-06,"5,940.00"
2018-09-05,"5,850.00"
2018-09-04,"5,823.00"
2018-09-03,"5,951.00"
2018-08-31,"6,019.00"
2018-08-30,"6,066.50"
2018-08-29,"6,065.00"
2018-08-28,"6,118.00"
2018-08-24,"6,001.00"
2018-08-23,"5,910.50"
2018-08-22,"6,000.00"
2018-08-21,"6,025.50"
2018-08-20,"5,963.00"
2018-08-17,"5,844.00"
2018-08-16,"5,860.00"
2018-08-15,"5,843.00"
2018-08-14,"6,059.00"
2018-08-13,"6,081.00"
2018-08-10,"6,120.00"
2018-08-09,"6,247.00"
2018-08-08,"6,113.00"
2018-08-07,"6,132.00"
2018-08-06,"6,040.00"
2018-08-03,"6,167.00"
2018-08-02,"6,063.00"
2018-08-01,"6,137.00"
2018-07-31,"6,213.00"
2018-07-30,"6,185.00"
2018-07-27,"6,251.50"
2018-07-26,"6,255.00"
2018-07-25,"6,252.00"
2018-07-24,"6,167.00"
2018-07-23,"6,153.00"
2018-07-20,"6,073.00"
2018-07-19,"5,982.00"
2018-07-18,"6,068.00"
2018-07-17,"6,141.50"
2018-07-16,"6,143.00"
2018-07-13,"6,166.00"
2018-07-12,"6,173.00"
2018-07-11,"6,182.00"
2018-07-10,"6,308.00"
2018-07-09,"6,383.00"
2018-07-06,"6,326.00"
2018-07-05,"6,399.50"
2018-07-04,"6,459.00"
2018-07-03,"6,584.50"
2018-07-02,"6,595.00"
2018-06-29,"6,646.00"
2018-06-28,"6,650.00"
2018-06-27,"6,688.00"
2018-06-26,"6,712.00"
2018-06-25,"6,783.00"
2018-06-22,"6,811.00"
2018-06-21,"6,801.00"
2018-06-20,"6,819.00"
2018-06-19,"6,820.00"
2018-06-18,"6,987.00"
2018-06-15,"7,136.00"
2018-06-14,"7,197.00"
2018-06-13,"7,201.50"
2018-06-12,"7,200.50"
2018-06-11,"7,223.50"
2018-06-08,"7,262.50"
2018-06-07,"7,245.50"
2018-06-06,"7,147.00"
2018-06-05,"6,971.00"
2018-06-04,"6,935.00"
2018-06-01,"6,814.00"
2018-05-31,"6,825.00"
2018-05-30,"6,810.00"
2018-05-29,"6,841.50"
2018-05-25,"6,886.00"
2018-05-24,"6,835.00"
2018-05-23,"6,800.00"
2018-05-22,"6,931.50"
2018-05-21,"6,861.00"
2018-05-18,"6,783.50"
2018-05-17,"6,838.00"
2018-05-16,"6,773.50"
2018-05-15,"6,822.50"
2018-05-14,"6,828.00"
2018-05-11,"6,869.00"
2018-05-10,"6,862.00"
2018-05-09,"6,786.00"
2018-05-08,"6,722.00"
2018-05-04,"6,783.00"
2018-05-03,"6,837.00"
2018-05-02,"6,785.00"
2018-05-01,"6,777.50"
2018-04-30,"6,783.00"
2018-04-27,"6,797.00"
2018-04-26,"6,885.50"
2018-04-25,"6,960.50"
2018-04-24,"6,987.00"
2018-04-23,"6,923.00"
2018-04-20,"6,939.00"
2018-04-19,"6,942.00"
2018-04-18,"6,936.00"
2018-04-17,"6,784.00"
2018-04-16,"6,811.50"
2018-04-13,"6,830.00"
2018-04-12,"6,756.00"
2018-04-11,"6,930.50"
2018-04-10,"6,888.00"
2018-04-09,"6,767.00"
2018-04-06,"6,703.00"
2018-04-05,"6,767.00"
2018-04-04,"6,625.00"
2018-04-03,"6,756.00"
2018-03-29,"6,685.00"
2018-03-28,"6,601.50"
2018-03-27,"6,641.50"
2018-03-26,"6,500.00"
2018-03-23,"6,658.00"
2018-03-22,"6,746.50"
2018-03-21,"6,675.00"
2018-03-20,"6,784.00"
2018-03-19,"6,791.50"
2018-03-16,"6,923.00"
2018-03-15,"6,885.50"
2018-03-14,"7,015.00"
2018-03-13,"6,883.00"
2018-03-12,"6,857.00"
2018-03-09,"6,808.00"
2018-03-08,"6,830.00"
2018-03-07,"6,873.00"
2018-03-06,"6,968.50"
2018-03-05,"6,850.00"
2018-03-02,"6,883.00"
2018-03-01,"6,852.00"
2018-02-28,"6,953.00"
2018-02-27,"7,028.00"
2018-02-26,"7,111.00"
2018-02-23,"7,073.50"
2018-02-22,"7,032.00"
2018-02-21,"7,003.00"
2018-02-20,"7,027.00"
2018-02-19,"7,093.00"
2018-02-16,"7,159.00"
2018-02-15,"7,098.00"
2018-02-14,"6,962.00"
2018-02-13,"6,908.00"
2018-02-12,"6,786.50"
2018-02-09,"6,755.00"
2018-02-08,"6,838.00"
2018-02-07,"7,006.00"
2018-02-06,"7,060.00"
2018-02-05,"7,050.00"
2018-02-02,"7,066.00"
2018-02-01,"7,027.00"
2018-01-31,"7,100.50"
2018-01-30,"7,049.00"
2018-01-29,"7,062.00"
2018-01-26,"7,063.50"
2018-01-25,"7,112.00"
2018-01-24,"6,943.00"
2018-01-23,"6,905.00"
2018-01-22,"7,049.00"
2018-01-19,"7,079.00"
2018-01-18,"7,047.00"
2018-01-17,"7,047.00"
2018-01-16,"7,023.00"
2018-01-15,"7,180.00"
2018-01-12,"7,070.50"
2018-01-11,"7,123.00"
2018-01-10,"7,140.50"
2018-01-09,"7,092.00"
2018-01-08,"7,084.50"
2018-01-05,"7,097.00"
2018-01-04,"7,202.50"
2018-01-03,"7,115.50"
2018-01-02,"7,181.00"
2017-12-29,"7,157.00"
2017-12-28,"7,216.00"
2017-12-27,"7,140.00"
2017-12-22,"7,019.00"
2017-12-21,"6,977.00"
2017-12-20,"6,925.00"
2017-12-19,"6,845.00"
2017-12-18,"6,844.00"
2017-12-15,"6,735.50"
2017-12-14,"6,723.00"
2017-12-13,"6,685.00"
2017-12-12,"6,614.00"
2017-12-11,"6,547.50"
2017-12-08,"6,538.50"
2017-12-07,"6,530.50"
2017-12-06,"6,539.00"
2017-12-05,"6,645.00"
2017-12-04,"6,807.00"
2017-12-01,"6,734.00"
2017-11-30,"6,761.00"
2017-11-29,"6,756.50"
2017-11-28,"6,800.00"
2017-11-27,"6,892.00"
2017-11-24,"6,967.50"
2017-11-22,"6,872.50"
2017-11-21,"6,828.00"
2017-11-20,"6,752.00"
2017-11-17,"6,728.50"
2017-11-16,"6,764.00"
2017-11-15,"6,715.50"
2017-11-14,"6,822.50"
2017-11-13,"6,768.00"
2017-11-10,"6,797.00"
2017-11-09,"6,777.00"
2017-11-08,"6,812.00"
2017-11-07,"6,863.00"
2017-11-06,"6,902.50"
2017-11-03,"6,914.50"
2017-11-02,"6,855.00"
2017-11-01,"6,918.00"
2017-10-31,"6,802.00"
2017-10-30,"6,823.00"
2017-10-27,"6,831.50"
2017-10-26,"6,965.00"
2017-10-25,"6,970.50"
2017-10-24,"7,073.50"
2017-10-23,"6,959.00"
2017-10-20,"7,008.50"
2017-10-19,"6,920.00"
2017-10-18,"6,971.50"
2017-10-17,"7,046.00"
2017-10-16,"7,063.00"
2017-10-13,"6,858.00"
2017-10-12,"6,813.00"
2017-10-11,"6,685.00"
2017-10-10,"6,641.00"
2017-10-09,"6,607.00"
2017-10-06,"6,639.00"
2017-10-05,"6,511.00"
2017-10-04,"6,453.00"
2017-10-03,"6,447.00"
2017-10-02,"6,455.00"
2017-09-29,"6,485.00"
2017-09-28,"6,405.00"
2017-09-27,"6,426.00"
2017-09-26,"6,423.00"
2017-09-25,"6,416.00"
2017-09-22,"6,405.00"
2017-09-21,"6,407.50"
2017-09-20,"6,520.00"
2017-09-19,"6,492.00"
2017-09-18,"6,487.00"
2017-09-15,"6,457.00"
2017-09-14,"6,418.50"
2017-09-13,"6,527.00"
2017-09-12,"6,601.50"
2017-09-11,"6,737.00"
2017-09-08,"6,780.00"
2017-09-07,"6,842.50"
2017-09-06,"6,864.00"
2017-09-05,"6,904.00"
2017-09-04,"6,873.00"
2017-09-01,"6,776.00"
2017-08-31,"6,792.00"
2017-08-30,"6,755.00"
2017-08-29,"6,797.00"
2017-08-25,"6,714.00"
2017-08-24,"6,577.00"
2017-08-23,"6,555.00"
2017-08-22,"6,584.00"
2017-08-21,"6,514.50"
2017-08-18,"6,453.00"
2017-08-17,"6,460.00"
2017-08-16,"6,433.00"
2017-08-15,"6,382.00"
2017-08-14,"6,351.00"
2017-08-11,"6,353.50"
2017-08-10,"6,416.50"
2017-08-09,"6,465.00"
2017-08-08,"6,364.00"
2017-08-07,"6,333.00"
2017-08-04,"6,330.00"
2017-08-03,"6,290.00"
2017-08-02,"6,300.00"
2017-08-01,"6,300.50"
2017-07-31,"6,347.00"
2017-07-28,"6,283.00"
2017-07-27,"6,325.00"
2017-07-26,"6,238.00"
2017-07-25,"6,150.00"
2017-07-24,"6,000.00"
2017-07-21,"6,001.50"
2017-07-20,"5,930.00"
2017-07-19,"5,956.00"
2017-07-18,"5,940.50"
2017-07-17,"5,965.50"
2017-07-14,"5,858.00"
2017-07-13,"5,902.00"
2017-07-12,"5,882.50"
2017-07-11,"5,795.00"
2017-07-10,"5,780.00"
2017-07-07,"5,809.00"
2017-07-06,"5,828.50"
2017-07-05,"5,818.00"
2017-07-04,"5,847.00"
2017-07-03,"5,894.00"
2017-06-30,"5,907.50"
2017-06-29,"5,905.50"
2017-06-28,"5,822.00"
2017-06-27,"5,789.00"
2017-06-26,"5,771.00"
2017-06-23,"5,774.00"
2017-06-22,"5,736.00"
2017-06-21,"5,650.00"
2017-06-20,"5,673.50"
2017-06-19,"5,687.00"
2017-06-16,"5,655.50"
2017-06-15,"5,637.00"
2017-06-14,"5,684.50"
2017-06-13,"5,659.00"
2017-06-12,"5,752.00"
2017-06-09,"5,739.00"
2017-06-08,"5,647.50"
2017-06-07,"5,575.50"
2017-06-06,"5,540.50"
2017-06-05,"5,586.50"
2017-06-02,"5,559.50"
2017-06-01,"5,636.50"
2017-05-31,"5,615.50"
2017-05-30,"5,608.00"
2017-05-26,"5,671.00"
2017-05-25,"5,665.00"
2017-05-24,"5,662.50"
2017-05-23,"5,660.50"
2017-05-22,"5,677.00"
2017-05-19,"5,596.00"
2017-05-18,"5,490.00"
2017-05-17,"5,575.00"
2017-05-16,"5,584.00"
2017-05-15,"5,586.00"
2017-05-12,"5,520.00"
2017-05-11,"5,580.50"
2017-05-10,"5,512.00"
2017-05-09,"5,496.00"
2017-05-08,"5,466.00"
2017-05-05,"5,530.50"
2017-05-04,"5,543.00"
2017-05-03,"5,636.50"
2017-05-02,"5,746.50"
2017-04-28,"5,688.50"
2017-04-27,"5,686.50"
2017-04-26,"5,677.50"
2017-04-25,"5,652.50"
2017-04-24,"5,612.00"
2017-04-21,"5,601.00"
2017-04-20,"5,611.50"
2017-04-19,"5,600.50"
2017-04-18,"5,620.50"
2017-04-13,"5,655.00"
2017-04-12,"5,685.00"
2017-04-11,"5,746.00"
2017-04-10,"5,731.00"
2017-04-07,"5,770.00"
2017-04-06,"5,870.50"
2017-04-05,"5,808.50"
2017-04-04,"5,724.50"
2017-04-03,"5,817.00"
2017-03-31,"5,849.00"
2017-03-30,"5,860.00"
2017-03-29,"5,847.00"
2017-03-28,"5,774.50"
2017-03-27,"5,673.50"
2017-03-24,"5,782.50"
2017-03-23,"5,790.50"
2017-03-22,"5,712.00"
2017-03-21,"5,765.50"
2017-03-20,"5,891.00"
2017-03-17,"5,889.00"
2017-03-16,"5,911.00"
2017-03-15,"5,850.00"
2017-03-14,"5,747.00"
2017-03-13,"5,794.00"
2017-03-10,"5,714.50"
2017-03-09,"5,655.00"
2017-03-08,"5,782.00"
2017-03-07,"5,807.00"
2017-03-06,"5,856.00"
2017-03-03,"5,910.00"
2017-03-02,"5,994.00"
2017-03-01,"6,040.00"
2017-02-28,"5,936.00"
2017-02-27,"5,927.00"
2017-02-24,"5,881.00"
2017-02-23,"5,991.00"
2017-02-22,"5,976.00"
2017-02-21,"6,034.00"
2017-02-20,"6,002.00"
2017-02-17,"5,939.00"
2017-02-16,"6,015.00"
2017-02-15,"6,016.00"
2017-02-14,"6,145.00"
2017-02-13,"6,111.00"
2017-02-10,"5,872.00"
2017-02-09,"5,863.00"
2017-02-08,"5,865.00"
2017-02-07,"5,802.00"
2017-02-06,"5,786.00"
2017-02-03,"5,836.00"
2017-02-02,"5,903.00"
2017-02-01,"5,931.00"
2017-01-31,"5,921.00"
2017-01-30,"5,857.00"
2017-01-27,"5,847.00"
2017-01-26,"5,890.00"
2017-01-25,"5,867.00"
2017-01-24,"5,879.00"
2017-01-23,"5,775.00"
2017-01-20,"5,706.00"
2017-01-19,"5,710.00"
2017-01-18,"5,721.00"
2017-01-17,"5,771.50"
2017-01-16,"5,857.00"
2017-01-13,"5,797.00"
2017-01-12,"5,752.50"
2017-01-11,"5,709.50"
2017-01-10,"5,642.00"
2017-01-09,"5,551.50"
2017-01-06,"5,546.50"
2017-01-05,"5,611.00"
2017-01-04,"5,500.50"
2017-01-03,"5,574.00"
2016-12-30,"5,501.00"
2016-12-29,"5,514.00"
2016-12-28,"5,486.00"
2016-12-23,"5,482.00"
2016-12-22,"5,426.00"
2016-12-21,"5,498.50"
2016-12-20,"5,485.50"
2016-12-19,"5,561.00"
2016-12-16,"5,649.00"
2016-12-15,"5,682.50"
2016-12-14,"5,735.00"
2016-12-13,"5,765.50"
2016-12-12,"5,757.00"
2016-12-09,"5,824.00"
2016-12-08,"5,838.00"
2016-12-07,"5,903.50"
2016-12-06,"5,856.00"
2016-12-05,"5,851.50"
2016-12-02,"5,736.00"
2016-12-01,"5,773.00"
2016-11-30,"5,740.00"
2016-11-29,"5,778.00"
2016-11-28,"5,935.50"
2016-11-25,"5,822.50"
2016-11-24,"5,834.50"
2016-11-23,"5,564.00"
2016-11-22,"5,618.00"
2016-11-21,"5,535.50"
2016-11-18,"5,446.00"
2016-11-17,"5,426.00"
2016-11-16,"5,459.00"
2016-11-15,"5,448.00"
2016-11-14,"5,620.00"
2016-11-11,"5,900.00"
2016-11-10,"5,619.00"
2016-11-09,"5,335.00"
2016-11-08,"5,044.00"
2016-11-07,"5,032.00"
2016-11-04,"4,943.00"
2016-11-03,"4,918.00"
2016-11-02,"4,871.00"
2016-11-01,"4,862.50"
2016-10-31,"4,827.50"
2016-10-28,"4,787.00"
2016-10-27,"4,774.00"
2016-10-26,"4,717.50"
2016-10-25,"4,720.00"
2016-10-24,"4,620.50"
2016-10-21,"4,637.00"
2016-10-20,"4,633.50"
2016-10-19,"4,642.50"
2016-10-18,"4,665.50"
2016-10-17,"4,671.50"
2016-10-14,"4,672.50"
2016-10-13,"4,754.50"
2016-10-12,"4,805.00"
2016-10-11,"4,801.50"
2016-10-10,"4,786.00"
2016-10-07,"4,742.00"
2016-10-06,"4,742.00"
2016-10-05,"4,777.50"
2016-10-04,"4,790.50"
2016-10-03,"4,807.00"
2016-09-30,"4,832.00"
2016-09-29,"4,816.50"
2016-09-28,"4,807.50"
2016-09-27,"4,775.00"
2016-09-26,"4,794.00"
2016-09-23,"4,815.00"
2016-09-22,"4,815.50"
2016-09-21,"4,733.00"
2016-09-20,"4,732.50"
2016-09-19,"4,731.50"
2016-09-16,"4,733.50"
2016-09-15,"4,727.00"
2016-09-14,"4,694.50"
2016-09-13,"4,641.50"
2016-09-12,"4,573.00"
2016-09-09,"4,622.50"
2016-09-08,"4,617.50"
2016-09-07,"4,643.00"
2016-09-06,"4,623.00"
2016-09-05,"4,603.00"
2016-09-02,"4,607.00"
2016-09-01,"4,620.00"
2016-08-31,"4,602.50"
2016-08-30,"4,609.00"
2016-08-26,"4,622.00"
2016-08-25,"4,639.50"
2016-08-24,"4,658.50"
2016-08-23,"4,719.00"
2016-08-22,"4,732.00"
2016-08-19,"4,774.00"
2016-08-18,"4,802.50"
2016-08-17,"4,755.50"
2016-08-16,"4,798.00"
2016-08-15,"4,746.00"
2016-08-12,"4,746.00"
2016-08-11,"4,810.00"
2016-08-10,"4,874.50"
2016-08-09,"4,779.00"
2016-08-08,"4,796.00"
2016-08-05,"4,792.50"
2016-08-04,"4,787.00"
2016-08-03,"4,844.50"
2016-08-02,"4,885.50"
2016-08-01,"4,907.00"
2016-07-29,"4,853.00"
2016-07-28,"4,862.00"
2016-07-27,"4,869.50"
2016-07-26,"4,862.00"
2016-07-25,"4,920.00"
2016-07-22,"4,956.00"
2016-07-21,"4,953.50"
2016-07-20,"4,900.50"
2016-07-19,"4,938.00"
2016-07-18,"4,839.00"
2016-07-15,"4,945.50"
2016-07-14,"4,911.50"
2016-07-13,"4,918.50"
2016-07-12,"4,811.50"
2016-07-11,"4,746.00"
2016-07-08,"4,710.00"
2016-07-07,"4,725.00"
2016-07-06,"4,706.00"
2016-07-05,"4,840.50"
2016-07-04,"4,920.00"
2016-07-01,"4,783.50"
2016-06-30,"4,827.00"
2016-06-29,"4,780.00"
2016-06-28,"4,777.50"
2016-06-27,"4,692.00"
2016-06-24,"4,663.00"
2016-06-23,"4,747.00"
2016-06-22,"4,687.50"
2016-06-21,"4,587.00"
2016-06-20,"4,585.00"
2016-06-17,"4,521.50"
2016-06-16,"4,524.50"
2016-06-15,"4,632.00"
2016-06-14,"4,510.50"
2016-06-13,"4,515.00"
2016-06-10,"4,504.00"
2016-06-09,"4,546.00"
2016-06-08,"4,590.50"
2016-06-07,"4,589.00"
2016-06-06,"4,706.00"
2016-06-03,"4,688.00"
2016-06-02,"4,600.00"
2016-06-01,"4,601.00"
2016-05-31,"4,700.00"
2016-05-27,"4,725.50"
2016-05-26,"4,705.50"
2016-05-25,"4,636.00"
2016-05-24,"4,637.00"
2016-05-23,"4,572.00"
2016-05-20,"4,630.50"
2016-05-19,"4,596.00"
2016-05-18,"4,600.50"
2016-05-17,"4,634.00"
2016-05-16,"4,640.50"
2016-05-13,"4,660.00"
2016-05-12,"4,744.00"
2016-05-11,"4,748.00"
2016-05-10,"4,710.00"
2016-05-09,"4,739.50"
2016-05-06,"4,810.00"
2016-05-05,"4,826.00"
2016-05-04,"4,892.00"
2016-05-03,"4,960.00"
2016-04-29,"5,045.00"
2016-04-28,"4,912.50"
2016-04-27,"4,932.00"
2016-04-26,"4,935.50"
2016-04-25,"5,000.50"
2016-04-22,"5,015.50"
2016-04-21,"5,025.50"
2016-04-20,"4,938.50"
2016-04-19,"4,812.00"
2016-04-18,"4,798.00"
2016-04-15,"4,813.50"
2016-04-14,"4,830.50"
2016-04-13,"4,838.00"
2016-04-12,"4,715.50"
2016-04-11,"4,645.00"
2016-04-08,"4,654.00"
2016-04-07,"4,715.00"
2016-04-06,"4,775.00"
2016-04-05,"4,776.00"
2016-04-04,"4,816.00"
2016-04-01,"4,880.00"
2016-03-31,"4,855.50"
2016-03-30,"4,940.00"
2016-03-29,"4,939.50"
2016-03-24,"4,931.00"
2016-03-23,"5,060.50"
2016-03-22,"5,070.00"
2016-03-21,"5,079.50"
2016-03-18,"5,103.00"
2016-03-17,"5,029.00"
2016-03-16,"4,945.00"
2016-03-15,"4,920.00"
2016-03-14,"4,994.00"
2016-03-11,"4,941.00"
2016-03-10,"4,920.50"
2016-03-09,"4,935.50"
2016-03-08,"4,980.50"
2016-03-07,"5,000.00"
2016-03-04,"4,918.00"
2016-03-03,"4,830.00"
2016-03-02,"4,780.00"
2016-03-01,"4,726.00"
2016-02-29,"4,705.00"
2016-02-26,"4,681.00"
2016-02-25,"4,655.00"
2016-02-24,"4,585.50"
2016-02-23,"4,663.50"
2016-02-22,"4,696.00"
2016-02-19,"4,590.00"
2016-02-18,"4,577.00"
2016-02-17,"4,562.00"
2016-02-16,"4,583.50"
2016-02-15,"4,562.00"
2016-02-12,"4,488.50"
2016-02-11,"4,474.00"
2016-02-10,"4,507.00"
2016-02-09,"4,530.50"
2016-02-08,"4,572.50"
2016-02-05,"4,669.00"
2016-02-04,"4,685.00"
2016-02-03,"4,578.50"
2016-02-02,"4,605.50"
2016-02-01,"4,534.00"
2016-01-29,"4,541.50"
2016-01-28,"4,553.50"
2016-01-27,"4,507.50"
2016-01-26,"4,501.00"
2016-01-25,"4,454.00"
2016-01-22,"4,468.00"
2016-01-21,"4,376.00"
2016-01-20,"4,347.00"
2016-01-19,"4,440.50"
2016-01-18,"4,360.00"
2016-01-15,"4,310.50"
2016-01-14,"4,365.50"
2016-01-13,"4,380.00"
2016-01-12,"4,355.00"
2016-01-11,"4,402.50"
2016-01-08,"4,486.50"
2016-01-07,"4,514.00"
2016-01-06,"4,600.00"
2016-01-05,"4,647.00"
2016-01-04,"4,645.00"
2015-12-31,"4,702.00"
2015-12-30,"4,715.00"
2015-12-29,"4,685.00"
2015-12-24,"4,665.50"
2015-12-23,"4,680.00"
2015-12-22,"4,672.50"
2015-12-21,"4,691.00"
2015-12-18,"4,650.00"
2015-12-17,"4,550.00"
2015-12-16,"4,583.00"
2015-12-15,"4,586.00"
2015-12-14,"4,640.00"
2015-12-11,"4,667.00"
2015-12-10,"4,572.00"
2015-12-09,"4,620.00"
2015-12-08,"4,567.50"
2015-12-07,"4,592.50"
2015-12-04,"4,637.00"
2015-12-03,"4,525.00"
2015-12-02,"4,589.00"
2015-12-01,"4,619.00"
2015-11-30,"4,595.50"
2015-11-27,"4,636.00"
2015-11-26,"4,667.00"
2015-11-25,"4,541.00"
2015-11-24,"4,527.00"
2015-11-23,"4,515.50"
2015-11-20,"4,690.00"
2015-11-19,"4,610.00"
2015-11-18,"4,669.00"
2015-11-17,"4,700.00"
2015-11-16,"4,765.00"
2015-11-13,"4,825.00"
2015-11-12,"4,872.50"
2015-11-11,"4,931.00"
2015-11-10,"4,933.50"
2015-11-09,"4,990.00"
2015-11-06,"5,000.00"
2015-11-05,"5,053.00"
2015-11-04,"5,165.50"
2015-11-03,"5,149.00"
2015-11-02,"5,137.50"
2015-10-30,"5,135.50"
2015-10-29,"5,161.00"
2015-10-28,"5,179.00"
2015-10-27,"5,219.50"
2015-10-26,"5,233.00"
2015-10-23,"5,295.00"
2015-10-22,"5,274.00"
2015-10-21,"5,185.50"
2015-10-20,"5,189.00"
2015-10-19,"5,240.00"
2015-10-16,"5,270.00"
2015-10-15,"5,344.00"
2015-10-14,"5,278.00"
2015-10-13,"5,260.50"
2015-10-12,"5,335.00"
2015-10-09,"5,319.00"
2015-10-08,"5,160.00"
2015-10-07,"5,241.00"
2015-10-06,"5,175.00"
2015-10-05,"5,144.50"
2015-10-02,"5,081.00"
2015-10-01,"5,178.00"
2015-09-30,"5,093.00"
2015-09-29,"5,010.00"
2015-09-28,"4,965.00"
2015-09-25,"5,098.00"
2015-09-24,"5,046.00"
2015-09-23,"5,112.00"
2015-09-22,"5,131.00"
2015-09-21,"5,267.00"
2015-09-18,"5,358.00"
2015-09-17,"5,369.00"
2015-09-16,"5,350.00"
2015-09-15,"5,290.00"
2015-09-14,"5,324.00"
2015-09-11,"5,352.00"
2015-09-10,"5,400.00"
2015-09-09,"5,366.00"
2015-09-08,"5,280.00"
2015-09-07,"5,176.00"
2015-09-04,"5,155.50"
2015-09-03,"5,250.00"
2015-09-02,"5,090.50"
2015-09-01,"5,095.00"
2015-08-28,"5,095.00"
2015-08-27,"5,029.00"
2015-08-26,"4,959.00"
2015-08-25,"5,032.00"
2015-08-24,"4,888.00"
2015-08-21,"5,046.00"
2015-08-20,"5,060.50"
2015-08-19,"5,006.50"
2015-08-18,"5,000.50"
2015-08-17,"5,101.00"
2015-08-14,"5,156.00"
2015-08-13,"5,148.00"
2015-08-12,"5,103.00"
2015-08-11,"5,140.00"
2015-08-10,"5,150.00"
2015-08-07,"5,135.50"
2015-08-06,"5,165.00"
2015-08-05,"5,171.50"
2015-08-04,"5,215.50"
2015-08-03,"5,176.50"
2015-07-31,"5,220.00"
2015-07-30,"5,241.00"
2015-07-29,"5,302.00"
2015-07-28,"5,239.50"
2015-07-27,"5,190.00"
2015-07-24,"5,224.50"
2015-07-23,"5,340.00"
2015-07-22,"5,350.50"
2015-07-21,"5,475.50"
2015-07-20,"5,425.00"
2015-07-17,"5,465.00"
2015-07-16,"5,530.00"
2015-07-15,"5,597.00"
2015-07-14,"5,502.50"
2015-07-13,"5,605.50"
2015-07-10,"5,561.50"
2015-07-09,"5,576.00"
2015-07-08,"5,375.00"
2015-07-07,"5,440.50"
2015-07-06,"5,570.00"
2015-07-03,"5,761.50"
2015-07-02,"5,761.00"
2015-07-01,"5,755.50"
2015-06-30,"5,721.00"
2015-06-29,"5,767.00"
2015-06-26,"5,731.00"
2015-06-25,"5,715.50"
2015-06-24,"5,765.00"
2015-06-23,"5,725.00"
2015-06-22,"5,646.00"
2015-06-19,"5,663.00"
2015-06-18,"5,761.00"
2015-06-17,"5,749.00"
2015-06-16,"5,752.00"
2015-06-15,"5,760.50"
2015-06-12,"5,888.50"
2015-06-11,"5,906.00"
2015-06-10,"6,045.50"
2015-06-09,"5,989.00"
2015-06-08,"5,915.00"
2015-06-05,"5,924.50"
2015-06-04,"5,954.00"
2015-06-03,"5,992.00"
2015-06-02,"5,998.50"
2015-06-01,"5,970.50"
2015-05-29,"6,088.50"
2015-05-28,"6,117.00"
2015-05-27,"6,085.00"
2015-05-26,"6,134.50"
2015-05-22,"6,197.50"
2015-05-21,"6,240.00"
2015-05-20,"6,208.00"
2015-05-19,"6,270.00"
2015-05-18,"6,383.00"
2015-05-15,"6,356.00"
2015-05-14,"6,399.00"
2015-05-13,"6,416.00"
2015-05-12,"6,448.00"
2015-05-11,"6,363.00"
2015-05-08,"6,396.50"
2015-05-07,"6,437.00"
2015-05-06,"6,400.50"
2015-05-05,"6,410.00"
2015-05-01,"6,362.00"
2015-04-30,"6,245.00"
2015-04-29,"6,103.00"
2015-04-28,"6,090.50"
2015-04-27,"6,061.00"
2015-04-24,"6,025.50"
2015-04-23,"5,935.00"
2015-04-22,"5,927.00"
2015-04-21,"5,975.00"
2015-04-20,"6,002.00"
2015-04-17,"6,081.00"
2015-04-16,"6,054.00"
2015-04-15,"5,920.50"
2015-04-14,"5,916.50"
2015-04-13,"6,011.50"
2015-04-10,"6,055.00"
2015-04-09,"6,050.00"
2015-04-08,"6,055.00"
2015-04-07,"6,041.00"
2015-04-02,"6,001.50"
2015-04-01,"6,019.50"
2015-03-31,"6,050.50"
2015-03-30,"6,110.00"
2015-03-27,"6,146.00"
2015-03-26,"6,230.00"
2015-03-25,"6,134.50"
2015-03-24,"6,128.00"
2015-03-23,"6,093.50"
2015-03-20,"5,920.00"
2015-03-19,"5,835.00"
2015-03-18,"5,692.50"
2015-03-17,"5,765.00"
2015-03-16,"5,853.00"
2015-03-13,"5,860.00"
2015-03-12,"5,865.50"
2015-03-11,"5,786.00"
2015-03-10,"5,783.50"
2015-03-09,"5,800.00"
2015-03-06,"5,826.50"
2015-03-05,"5,856.00"
2015-03-04,"5,882.00"
2015-03-03,"5,855.00"
2015-03-02,"5,896.00"
2015-02-27,"5,880.50"
2015-02-26,"5,935.50"
2015-02-25,"5,805.00"
2015-02-24,"5,715.00"
2015-02-23,"5,657.00"
2015-02-20,"5,707.00"
2015-02-19,"5,720.00"
2015-02-18,"5,690.00"
2015-02-17,"5,665.50"
2015-02-16,"5,712.00"
2015-02-13,"5,731.00"
2015-02-12,"5,695.00"
2015-02-11,"5,645.50"
2015-02-10,"5,591.00"
2015-02-09,"5,666.00"
2015-02-06,"5,692.00"
2015-02-05,"5,595.00"
2015-02-04,"5,708.00"
2015-02-03,"5,695.00"
2015-02-02,"5,535.50"
2015-01-30,"5,505.00"
2015-01-29,"5,390.50"
2015-01-28,"5,485.50"
2015-01-27,"5,557.00"
2015-01-26,"5,490.00"
2015-01-23,"5,581.00"
2015-01-22,"5,742.00"
2015-01-21,"5,630.50"
2015-01-20,"5,760.50"
2015-01-19,"5,671.00"
2015-01-16,"5,660.00"
2015-01-15,"5,719.00"
2015-01-14,"5,627.00"
2015-01-13,"5,915.00"
2015-01-12,"6,131.00"
2015-01-09,"6,151.00"
2015-01-08,"6,230.50"
2015-01-07,"6,170.00"
2015-01-06,"6,191.00"
2015-01-05,"6,216.00"
2015-01-02,"6,309.00"
2014-12-31,"6,359.00"
2014-12-30,"6,330.00"
2014-12-29,"6,332.00"
2014-12-24,"6,361.00"
2014-12-23,"6,363.00"
2014-12-22,"6,426.50"
2014-12-19,"6,445.50"
2014-12-18,"6,350.50"
2014-12-17,"6,306.00"
2014-12-16,"6,390.00"
2014-12-15,"6,560.00"
2014-12-12,"6,526.50"
2014-12-11,"6,471.50"
2014-12-10,"6,476.00"
2014-12-09,"6,401.00"
2014-12-08,"6,465.50"
2014-12-05,"6,536.00"
2014-12-04,"6,491.00"
2014-12-03,"6,451.00"
2014-12-02,"6,455.00"
2014-12-01,"6,385.00"
2014-11-28,"6,515.50"
2014-11-27,"6,621.50"
2014-11-26,"6,649.00"
2014-11-25,"6,696.00"
2014-11-24,"6,731.00"
2014-11-21,"6,790.00"
2014-11-20,"6,688.00"
2014-11-19,"6,715.00"
2014-11-18,"6,684.00"
2014-11-17,"6,752.00"
2014-11-14,"6,695.00"
2014-11-13,"6,755.50"
2014-11-12,"6,688.00"
2014-11-11,"6,688.00"
2014-11-10,"6,735.50"
2014-11-07,"6,720.50"
2014-11-06,"6,681.00"
2014-11-05,"6,646.00"
2014-11-04,"6,705.50"
2014-11-03,"6,801.00"
2014-10-31,"6,835.50"
2014-10-30,"6,785.00"
2014-10-29,"6,855.00"
2014-10-28,"6,859.50"
2014-10-27,"6,800.50"
2014-10-24,"6,759.50"
2014-10-23,"6,718.50"
2014-10-22,"6,730.50"
2014-10-21,"6,660.00"
2014-10-20,"6,615.00"
2014-10-17,"6,629.00"
2014-10-16,"6,630.00"
2014-10-15,"6,781.00"
2014-10-14,"6,780.50"
2014-10-13,"6,802.00"
2014-10-10,"6,697.00"
2014-10-09,"6,767.00"
2014-10-08,"6,755.00"
2014-10-07,"6,715.00"
2014-10-06,"6,712.50"
2014-10-03,"6,665.00"
2014-10-02,"6,693.50"
2014-10-01,"6,755.00"
2014-09-30,"6,736.00"
2014-09-29,"6,735.50"
2014-09-26,"6,771.00"
2014-09-25,"6,766.00"
2014-09-24,"6,750.00"
2014-09-23,"6,797.00"
2014-09-22,"6,782.00"
2014-09-19,"6,868.50"
2014-09-18,"6,920.00"
2014-09-17,"6,958.50"
2014-09-16,"6,895.50"
2014-09-15,"6,850.00"
2014-09-12,"6,856.00"
2014-09-11,"6,829.00"
2014-09-10,"6,897.50"
2014-09-09,"6,937.00"
2014-09-08,"7,040.50"
2014-09-05,"6,973.00"
2014-09-04,"6,967.00"
2014-09-03,"6,927.00"
2014-09-02,"6,965.50"
2014-09-01,"6,966.50"
2014-08-29,"6,995.00"
2014-08-28,"7,033.00"
2014-08-27,"7,051.00"
2014-08-26,"7,096.00"
2014-08-22,"7,088.00"
2014-08-21,"7,003.00"
2014-08-20,"6,922.00"
2014-08-19,"6,934.50"
2014-08-18,"6,910.00"
2014-08-15,"6,852.50"
2014-08-14,"6,886.50"
2014-08-13,"6,925.50"
2014-08-12,"7,025.50"
2014-08-11,"7,010.50"
2014-08-08,"7,020.00"
2014-08-07,"6,980.50"
2014-08-06,"6,995.00"
2014-08-05,"7,100.50"
2014-08-04,"7,104.00"
2014-08-01,"7,078.00"
2014-07-31,"7,135.50"
2014-07-30,"7,090.00"
2014-07-29,"7,116.00"
2014-07-28,"7,132.00"
2014-07-25,"7,183.50"
2014-07-24,"7,151.00"
2014-07-23,"7,065.00"
2014-07-22,"7,060.50"
2014-07-21,"6,989.50"
2014-07-18,"7,026.50"
2014-07-17,"7,030.50"
2014-07-16,"7,112.00"
2014-07-15,"7,102.50"
2014-07-14,"7,154.50"
2014-07-11,"7,151.00"
2014-07-10,"7,110.00"
2014-07-09,"7,173.00"
2014-07-08,"7,155.00"
2014-07-07,"7,120.50"
2014-07-04,"7,159.00"
2014-07-03,"7,121.00"
2014-07-02,"7,050.00"
2014-07-01,"7,015.00"
2014-06-30,"6,955.00"
2014-06-27,"6,976.00"
2014-06-26,"6,936.50"
2014-06-25,"6,890.50"
2014-06-24,"6,898.50"
2014-06-23,"6,901.00"
2014-06-20,"6,777.50"
2014-06-19,"6,730.50"
2014-06-18,"6,739.00"
2014-06-17,"6,711.00"
2014-06-16,"6,735.00"
2014-06-13,"6,671.50"
2014-06-12,"6,725.00"
2014-06-11,"6,689.50"
2014-06-10,"6,695.50"
2014-06-09,"6,667.50"
2014-06-06,"6,660.50"
2014-06-05,"6,800.00"
2014-06-04,"6,835.00"
2014-06-03,"6,930.00"
2014-06-02,"7,003.00"
2014-05-30,"6,995.50"
2014-05-29,"6,970.00"
2014-05-28,"7,035.00"
2014-05-27,"7,020.00"
2014-05-23,"6,991.00"
2014-05-22,"6,945.50"
2014-05-21,"6,841.00"
2014-05-20,"6,922.50"
2014-05-19,"7,009.00"
2014-05-16,"6,950.00"
2014-05-15,"6,949.00"
2014-05-14,"6,976.50"
2014-05-13,"6,884.50"
2014-05-12,"6,930.00"
2014-05-09,"6,770.00"
2014-05-08,"6,690.50"
2014-05-07,"6,688.00"
2014-05-06,"6,740.00"
2014-05-02,"6,699.00"
2014-05-01,"6,670.50"
2014-04-30,"6,724.00"
2014-04-29,"6,770.00"
2014-04-28,"6,782.00"
2014-04-25,"6,785.50"
2014-04-24,"6,731.00"
2014-04-23,"6,645.00"
2014-04-22,"6,628.50"
2014-04-17,"6,631.00"
2014-04-16,"6,600.00"
2014-04-15,"6,630.00"
2014-04-14,"6,645.00"
2014-04-11,"6,686.00"
2014-04-10,"6,637.50"
2014-04-09,"6,630.50"
2014-04-08,"6,652.00"
2014-04-07,"6,610.50"
2014-04-04,"6,677.00"
2014-04-03,"6,606.00"
2014-04-02,"6,713.00"
2014-04-01,"6,632.00"
2014-03-31,"6,636.00"
2014-03-28,"6,667.00"
2014-03-27,"6,581.00"
2014-03-26,"6,555.00"
2014-03-25,"6,559.50"
2014-03-24,"6,510.00"
2014-03-21,"6,539.50"
2014-03-20,"6,434.50"
2014-03-19,"6,446.00"
2014-03-18,"6,471.50"
2014-03-17,"6,550.00"
2014-03-14,"6,490.00"
2014-03-13,"6,495.00"
2014-03-12,"6,498.00"
2014-03-11,"6,720.50"
2014-03-10,"6,716.00"
2014-03-07,"6,930.50"
2014-03-06,"7,054.50"
2014-03-05,"7,102.50"
2014-03-04,"7,035.00"
2014-03-03,"7,032.50"
2014-02-28,"7,097.50"
2014-02-27,"7,095.00"
2014-02-26,"7,149.00"
2014-02-25,"7,115.00"
2014-02-24,"7,130.00"
2014-02-21,"7,211.50"
2014-02-20,"7,185.00"
2014-02-19,"7,220.00"
2014-02-18,"7,205.00"
2014-02-17,"7,210.00"
2014-02-14,"7,175.50"
2014-02-13,"7,157.00"
2014-02-12,"7,174.50"
2014-02-11,"7,120.00"
2014-02-10,"7,190.50"
2014-02-07,"7,200.00"
2014-02-06,"7,109.00"
2014-02-05,"7,096.00"
2014-02-04,"7,107.00"
2014-02-03,"7,095.50"
2014-01-31,"7,091.00"
2014-01-30,"7,155.00"
2014-01-29,"7,209.00"
2014-01-28,"7,215.00"
2014-01-27,"7,235.00"
2014-01-24,"7,240.00"
2014-01-23,"7,285.00"
2014-01-22,"7,327.00"
2014-01-21,"7,332.00"
2014-01-20,"7,340.00"
2014-01-17,"7,379.50"
2014-01-16,"7,345.50"
2014-01-15,"7,309.00"
2014-01-14,"7,343.00"
2014-01-13,"7,305.50"
2014-01-10,"7,283.50"
2014-01-09,"7,282.00"
2014-01-08,"7,368.00"
2014-01-07,"7,354.00"
2014-01-06,"7,313.50"
2014-01-03,"7,335.50"
2014-01-02,"7,439.50"
2013-12-31,"7,394.50"
2013-12-30,"7,387.00"
2013-12-27,"7,375.00"
2013-12-24,"7,280.00"
2013-12-23,"7,251.00"
2013-12-20,"7,264.50"
2013-12-19,"7,218.50"
2013-12-18,"7,230.00"
2013-12-17,"7,286.00"
2013-12-16,"7,325.50"
2013-12-13,"7,218.50"
2013-12-12,"7,230.00"
2013-12-11,"7,169.50"
2013-12-10,"7,165.50"
2013-12-09,"7,141.00"
2013-12-06,"7,113.00"
2013-12-05,"7,081.00"
2013-12-04,"6,975.00"
2013-12-03,"6,945.00"
2013-12-02,"7,008.50"
2013-11-29,"7,027.00"
2013-11-28,"6,988.00"
2013-11-27,"7,051.50"
2013-11-26,"7,071.00"
2013-11-25,"7,067.50"
2013-11-22,"7,065.50"
2013-11-21,"6,992.00"
2013-11-20,"6,980.00"
2013-11-19,"6,947.00"
2013-11-18,"6,999.50"
2013-11-15,"6,967.50"
2013-11-14,"6,939.00"
2013-11-13,"7,021.50"
2013-11-12,"7,124.00"
2013-11-11,"7,135.00"
2013-11-08,"7,125.50"
2013-11-07,"7,119.00"
2013-11-06,"7,200.00"
2013-11-05,"7,138.50"
2013-11-04,"7,180.00"
2013-11-01,"7,255.50"
2013-10-31,"7,234.00"
2013-10-30,"7,275.50"
2013-10-29,"7,215.50"
2013-10-28,"7,161.00"
2013-10-25,"7,126.00"
2013-10-24,"7,160.00"
2013-10-23,"7,200.50"
2013-10-22,"7,260.00"
2013-10-21,"7,225.50"
2013-10-18,"7,241.50"
2013-10-17,"7,172.00"
2013-10-16,"7,158.50"
2013-10-15,"7,186.00"
2013-10-14,"7,205.50"
2013-10-11,"7,125.00"
2013-10-10,"7,112.50"
2013-10-09,"7,141.00"
2013-10-08,"7,231.50"
2013-10-07,"7,171.00"
2013-10-04,"7,148.00"
2013-10-03,"7,215.50"
2013-10-02,"7,156.00"
2013-10-01,"7,219.00"
2013-09-30,"7,290.50"
2013-09-27,"7,252.50"
2013-09-26,"7,220.50"
2013-09-25,"7,155.00"
2013-09-24,"7,140.50"
2013-09-23,"7,181.00"
2013-09-20,"7,295.00"
2013-09-19,"7,301.50"
2013-09-18,"7,090.50"
2013-09-17,"7,056.50"
2013-09-16,"7,050.00"
2013-09-13,"7,028.50"
2013-09-12,"7,043.50"
2013-09-11,"7,163.00"
2013-09-10,"7,172.00"
2013-09-09,"7,191.50"
2013-09-06,"7,170.50"
2013-09-05,"7,103.00"
2013-09-04,"7,125.50"
2013-09-03,"7,183.50"
2013-09-02,"7,175.50"
2013-08-30,"7,095.00"
2013-08-29,"7,210.50"
2013-08-28,"7,236.00"
2013-08-27,"7,300.50"
2013-08-23,"7,300.50"
2013-08-22,"7,340.50"
2013-08-21,"7,236.00"
2013-08-20,"7,265.50"
2013-08-19,"7,285.50"
2013-08-16,"7,335.50"
2013-08-15,"7,228.00"
2013-08-14,"7,272.50"
2013-08-13,"7,281.00"
2013-08-12,"7,246.00"
2013-08-09,"7,186.00"
2013-08-08,"7,121.50"
2013-08-07,"6,892.00"
2013-08-06,"7,026.50"
2013-08-05,"6,950.50"
2013-08-02,"7,019.00"
2013-08-01,"6,999.00"
2013-07-31,"6,905.50"
2013-07-30,"6,752.00"
2013-07-29,"6,905.50"
2013-07-26,"6,905.50"
2013-07-25,"6,927.50"
2013-07-24,"7,076.50"
2013-07-23,"6,961.00"
2013-07-22,"6,980.00"
2013-07-19,"6,920.00"
2013-07-18,"6,855.50"
2013-07-17,"6,924.00"
2013-07-16,"6,936.50"
2013-07-15,"6,891.50"
2013-07-12,"6,923.00"
2013-07-11,"6,995.50"
2013-07-10,"6,780.00"
2013-07-09,"6,719.00"
2013-07-08,"6,765.00"
2013-07-05,"6,821.00"
2013-07-04,"6,920.50"
2013-07-03,"6,922.00"
2013-07-02,"6,980.00"
2013-07-01,"6,917.00"
2013-06-28,"6,750.50"
2013-06-27,"6,705.50"
2013-06-26,"6,685.50"
2013-06-25,"6,726.50"
2013-06-24,"6,637.50"
2013-06-21,"6,777.00"
2013-06-20,"6,808.00"
2013-06-19,"6,972.50"
2013-06-18,"6,970.50"
2013-06-17,"7,020.50"
2013-06-14,"7,045.00"
2013-06-13,"7,057.50"
2013-06-12,"7,086.00"
2013-06-11,"7,036.00"
2013-06-10,"7,120.00"
2013-06-07,"7,282.00"
2013-06-06,"7,311.00"
2013-06-05,"7,421.50"
2013-06-04,"7,337.50"
2013-06-03,"7,330.50"
2013-05-31,"7,241.00"
2013-05-30,"7,245.50"
2013-05-29,"7,201.50"
2013-05-28,"7,257.00"
2013-05-24,"7,240.00"
2013-05-23,"7,285.50"
2013-05-22,"7,480.00"
2013-05-21,"7,384.00"
2013-05-20,"7,276.00"
2013-05-17,"7,329.50"
2013-05-16,"7,095.50"
2013-05-15,"7,095.50"
2013-05-14,"7,195.50"
2013-05-13,"7,350.50"
2013-05-10,"7,390.50"
2013-05-09,"7,311.00"
2013-05-08,"7,326.00"
2013-05-07,"7,240.50"
2013-05-03,"7,122.00"
2013-05-02,"6,870.50"
2013-05-01,"6,875.00"
2013-04-30,"7,073.50"
2013-04-29,"7,079.00"
2013-04-26,"7,054.50"
2013-04-25,"7,035.00"
2013-04-24,"6,935.50"
2013-04-23,"6,811.00"
2013-04-22,"6,875.50"
2013-04-19,"6,975.00"
2013-04-18,"6,962.50"
2013-04-17,"7,067.00"
2013-04-16,"7,219.00"
2013-04-15,"7,120.50"
2013-04-12,"7,510.00"
2013-04-11,"7,510.00"
2013-04-10,"7,547.00"
2013-04-09,"7,485.50"
2013-04-08,"7,457.50"
2013-04-05,"7,376.00"
2013-04-04,"7,336.50"
2013-04-03,"7,405.50"
2013-04-02,"7,434.50"
2013-03-28,"7,582.50"
2013-03-27,"7,570.00"
2013-03-26,"7,631.00"
2013-03-25,"7,602.00"
2013-03-22,"7,618.00"
2013-03-21,"7,580.00"
2013-03-20,"7,574.50"
2013-03-19,"7,539.00"
2013-03-18,"7,555.50"
2013-03-15,"7,782.00"
2013-03-14,"7,762.00"
2013-03-13,"7,777.50"
2013-03-12,"7,815.00"
2013-03-11,"7,677.00"
2013-03-08,"7,730.00"
2013-03-07,"7,671.00"
2013-03-06,"7,699.50"
2013-03-05,"7,720.00"
2013-03-04,"7,751.00"
2013-03-01,"7,620.50"
2013-02-28,"7,828.00"
2013-02-27,"7,831.00"
2013-02-26,"7,785.00"
2013-02-25,"7,865.50"
2013-02-22,"7,825.00"
2013-02-21,"7,847.50"
2013-02-20,"8,009.50"
2013-02-19,"8,070.00"
2013-02-18,"8,075.50"
2013-02-15,"8,198.50"
2013-02-14,"8,197.00"
2013-02-13,"8,221.00"
2013-02-12,"8,184.50"
2013-02-11,"8,216.00"
2013-02-08,"8,215.00"
2013-02-07,"8,212.00"
2013-02-06,"8,200.00"
2013-02-05,"8,242.50"
2013-02-04,"8,226.00"
2013-02-01,"8,160.00"
2013-01-31,"8,170.00"
2013-01-30,"8,175.50"
2013-01-29,"8,010.50"
2013-01-28,"8,015.00"
2013-01-25,"8,060.00"
2013-01-24,"8,036.00"
2013-01-23,"8,115.50"
2013-01-22,"8,068.00"
2013-01-21,"8,020.50"
2013-01-18,"8,053.00"
2013-01-17,"7,930.00"
2013-01-16,"7,910.50"
2013-01-15,"7,945.00"
2013-01-14,"8,030.00"
2013-01-11,"8,071.00"
2013-01-10,"8,117.00"
2013-01-09,"8,059.00"
2013-01-08,"8,050.50"
2013-01-07,"7,995.50"
2013-01-04,"8,026.00"
2013-01-03,"8,140.50"
2013-01-02,"8,085.00"
2012-12-31,"7,915.00"
2012-12-28,"7,870.00"
2012-12-27,"7,871.50"
2012-12-24,"7,780.00"
2012-12-21,"7,768.50"
2012-12-20,"7,825.50"
2012-12-19,"7,946.00"
2012-12-18,"8,005.50"
2012-12-17,"8,001.00"
2012-12-14,"8,047.50"
2012-12-13,"8,000.50"
2012-12-12,"8,102.00"
2012-12-11,"8,070.00"
2012-12-10,"8,111.50"
2012-12-07,"7,965.50"
2012-12-06,"8,020.50"
2012-12-05,"8,022.00"
2012-12-04,"7,991.00"
2012-12-03,"7,975.50"
2012-11-30,"7,949.00"
2012-11-29,"7,850.00"
2012-11-28,"7,720.00"
2012-11-27,"7,796.00"
2012-11-26,"7,770.50"
2012-11-23,"7,676.00"
2012-11-22,"7,716.00"
2012-11-21,"7,705.00"
2012-11-20,"7,731.00"
2012-11-19,"7,670.50"
2012-11-16,"7,573.00"
2012-11-15,"7,605.50"
2012-11-14,"7,635.00"
2012-11-13,"7,606.50"
2012-11-12,"7,626.50"
2012-11-09,"7,540.50"
2012-11-08,"7,605.50"
2012-11-07,"7,654.50"
2012-11-06,"7,661.00"
2012-11-05,"7,604.00"
2012-11-02,"7,765.50"
2012-11-01,"7,811.00"
2012-10-31,"7,819.00"
2012-10-30,"7,760.00"
2012-10-29,"7,720.00"
2012-10-26,"7,765.00"
2012-10-25,"7,852.00"
2012-10-24,"7,860.50"
2012-10-23,"7,861.00"
2012-10-22,"7,983.50"
2012-10-19,"8,121.00"
2012-10-18,"8,210.00"
2012-10-17,"8,112.50"
2012-10-16,"8,141.50"
2012-10-15,"8,130.00"
2012-10-12,"8,179.00"
2012-10-11,"8,212.00"
2012-10-10,"8,124.50"
2012-10-09,"8,183.00"
2012-10-08,"8,133.00"
2012-10-05,"8,299.00"
2012-10-04,"8,325.00"
2012-10-03,"8,276.00"
2012-10-02,"8,340.00"
2012-10-01,"8,191.50"
2012-09-28,"8,267.50"
2012-09-27,"8,175.00"
2012-09-26,"8,130.50"
2012-09-25,"8,235.50"
2012-09-24,"8,155.50"
2012-09-21,"8,282.00"
2012-09-20,"8,202.00"
2012-09-19,"8,323.00"
2012-09-18,"8,224.00"
2012-09-17,"8,293.00"
2012-09-14,"8,400.50"
2012-09-13,"8,055.50"
2012-09-12,"8,100.50"
2012-09-11,"8,080.00"
2012-09-10,"8,032.00"
2012-09-07,"7,844.00"
2012-09-06,"7,670.50"
2012-09-05,"7,606.50"
2012-09-04,"7,640.50"
2012-09-03,"7,649.50"
2012-08-31,"7,576.50"
2012-08-30,"7,611.00"
2012-08-29,"7,524.50"
2012-08-28,"7,606.00"
2012-08-24,"7,600.50"
2012-08-23,"7,667.50"
2012-08-22,"7,571.50"
2012-08-21,"7,510.00"
2012-08-20,"7,433.00"
2012-08-17,"7,496.00"
2012-08-16,"7,386.00"
2012-08-15,"7,386.00"
2012-08-14,"7,407.00"
2012-08-13,"7,426.50"
2012-08-10,"7,430.50"
2012-08-09,"7,495.50"
2012-08-08,"7,525.50"
2012-08-07,"7,567.00"
2012-08-06,"7,400.00"
2012-08-03,"7,327.00"
2012-08-02,"7,386.50"
2012-08-01,"7,500.00"
2012-07-31,"7,581.00"
2012-07-30,"7,520.00"
2012-07-27,"7,555.00"
2012-07-26,"7,510.50"
2012-07-25,"7,441.00"
2012-07-24,"7,396.00"
2012-07-23,"7,387.00"
2012-07-20,"7,625.00"
2012-07-19,"7,765.00"
2012-07-18,"7,596.00"
2012-07-17,"7,671.00"
2012-07-16,"7,636.00"
2012-07-13,"7,689.50"
2012-07-12,"7,510.00"
2012-07-11,"7,525.50"
2012-07-10,"7,556.00"
2012-07-09,"7,520.50"
2012-07-06,"7,600.00"
2012-07-05,"7,761.50"
2012-07-04,"7,695.50"
2012-07-03,"7,777.00"
2012-07-02,"7,647.50"
2012-06-29,"7,604.50"
2012-06-28,"7,421.00"
2012-06-27,"7,354.00"
2012-06-26,"7,347.00"
2012-06-25,"7,342.50"
2012-06-22,"7,320.00"
2012-06-21,"7,426.00"
2012-06-20,"7,555.50"
2012-06-19,"7,505.50"
2012-06-18,"7,475.50"
2012-06-15,"7,521.00"
2012-06-14,"7,376.50"
2012-06-13,"7,397.50"
2012-06-12,"7,384.00"
2012-06-11,"7,396.00"
2012-06-08,"7,251.50"
2012-06-07,"7,480.50"
2012-06-06,"7,459.50"
2012-06-01,"7,364.00"
2012-05-31,"7,517.00"
2012-05-30,"7,545.00"
2012-05-29,"7,685.50"
2012-05-28,"7,740.00"
2012-05-25,"7,695.50"
2012-05-24,"7,660.50"
2012-05-23,"7,630.50"
2012-05-22,"7,775.00"
2012-05-21,"7,800.50"
2012-05-18,"7,795.50"
2012-05-17,"7,708.00"
2012-05-16,"7,710.00"
2012-05-15,"7,854.00"
2012-05-14,"7,980.00"
2012-05-11,"8,080.00"
2012-05-10,"8,195.50"
2012-05-09,"8,089.00"
2012-05-08,"8,234.00"
2012-05-04,"8,296.00"
2012-05-03,"8,318.00"
2012-05-02,"8,401.00"
2012-05-01,"8,528.00"
2012-04-30,"8,529.50"
2012-04-27,"8,443.50"
2012-04-26,"8,356.00"
2012-04-25,"8,285.50"
2012-04-24,"8,194.00"
2012-04-23,"8,125.00"
2012-04-20,"8,120.50"
2012-04-19,"8,045.50"
2012-04-18,"8,085.00"
2012-04-17,"8,100.50"
2012-04-16,"8,054.00"
2012-04-13,"8,165.50"
2012-04-12,"8,185.00"
2012-04-11,"8,115.00"
2012-04-10,"8,256.00"
2012-04-05,"8,365.50"
2012-04-04,"8,451.50"
2012-04-03,"8,575.50"
2012-04-02,"8,480.00"
2012-03-30,"8,480.00"
2012-03-29,"8,360.00"
2012-03-28,"8,480.50"
2012-03-27,"8,512.00"
2012-03-26,"8,485.00"
2012-03-23,"8,400.50"
2012-03-22,"8,320.00"
2012-03-21,"8,470.50"
2012-03-20,"8,437.00"
2012-03-19,"8,575.00"
2012-03-16,"8,620.50"
2012-03-15,"8,490.50"
2012-03-14,"8,468.00"
2012-03-13,"8,530.00"
2012-03-12,"8,401.50"
2012-03-09,"8,390.50"
2012-03-08,"8,390.00"
2012-03-07,"8,261.00"
2012-03-06,"8,335.50"
2012-03-05,"8,502.00"
2012-03-02,"8,575.00"
2012-03-01,"8,570.00"
2012-02-29,"8,585.00"
2012-02-28,"8,658.00"
2012-02-27,"8,436.00"
2012-02-24,"8,441.00"
2012-02-23,"8,408.00"
2012-02-22,"8,391.00"
2012-02-21,"8,325.00"
2012-02-20,"8,234.00"
2012-02-17,"8,370.00"
2012-02-16,"8,209.50"
2012-02-15,"8,395.50"
2012-02-14,"8,405.00"
2012-02-13,"8,512.00"
2012-02-10,"8,591.00"
2012-02-09,"8,520.50"
2012-02-08,"8,586.00"
2012-02-07,"8,335.50"
2012-02-06,"8,463.00"
2012-02-03,"8,320.00"
2012-02-02,"8,339.00"
2012-02-01,"8,351.50"
2012-01-31,"8,485.50"
2012-01-30,"8,399.00"
2012-01-27,"8,610.00"
2012-01-26,"8,560.00"
2012-01-25,"8,271.00"
2012-01-24,"8,267.00"
2012-01-23,"8,333.00"
2012-01-20,"8,230.50"
2012-01-19,"8,350.50"
2012-01-18,"8,156.00"
2012-01-17,"8,185.00"
2012-01-16,"8,021.00"
2012-01-13,"7,965.50"
2012-01-12,"7,946.00"
2012-01-11,"7,689.50"
2012-01-10,"7,641.00"
2012-01-09,"7,503.00"
2012-01-06,"7,515.00"
2012-01-05,"7,471.00"
2012-01-04,"7,652.00"
2012-01-03,"7,661.00"
2012-01-02,"7,554.00"
2011-12-30,"7,554.00"
2011-12-29,"7,372.00"
2011-12-28,"7,502.00"
2011-12-23,"7,590.00"
2011-12-22,"7,492.50"
2011-12-21,"7,415.50"
2011-12-20,"7,275.00"
2011-12-19,"7,286.50"
2011-12-16,"7,340.00"
2011-12-15,"7,264.00"
2011-12-14,"7,350.00"
2011-12-13,"7,586.00"
2011-12-12,"7,611.50"
2011-12-09,"7,800.50"
2011-12-08,"7,800.50"
2011-12-07,"7,809.00"
2011-12-06,"7,766.00"
2011-12-05,"7,845.00"
2011-12-02,"7,890.00"
2011-12-01,"7,801.00"
2011-11-30,"7,405.50"
2011-11-29,"7,448.00"
2011-11-28,"7,381.00"
2011-11-25,"7,196.50"
2011-11-24,"7,271.50"
2011-11-23,"7,176.00"
2011-11-22,"7,398.00"
2011-11-21,"7,301.00"
2011-11-18,"7,582.50"
2011-11-17,"7,501.50"
2011-11-16,"7,592.00"
2011-11-15,"7,632.00"
2011-11-14,"7,731.50"
2011-11-11,"7,451.00"
2011-11-10,"7,456.00"
2011-11-09,"7,672.00"
2011-11-08,"7,820.50"
2011-11-07,"7,775.50"
2011-11-04,"7,930.00"
2011-11-03,"7,845.00"
2011-11-02,"7,912.00"
2011-11-01,"7,660.00"
2011-10-31,"7,900.50"
2011-10-28,"7,981.50"
2011-10-27,"8,040.00"
2011-10-26,"7,720.50"
2011-10-25,"7,590.50"
2011-10-24,"7,380.50"
2011-10-21,"7,062.00"
2011-10-20,"6,916.50"
2011-10-19,"7,305.50"
2011-10-18,"7,271.00"
2011-10-17,"7,566.00"
2011-10-14,"7,500.50"
2011-10-13,"7,328.00"
2011-10-12,"7,419.00"
2011-10-11,"7,215.50"
2011-10-10,"7,314.00"
2011-10-07,"7,250.00"
2011-10-06,"7,095.50"
2011-10-05,"6,860.50"
2011-10-04,"6,785.00"
2011-10-03,"6,795.00"
2011-09-30,"7,131.50"
2011-09-29,"6,975.50"
2011-09-28,"7,416.00"
2011-09-27,"7,528.00"
2011-09-26,"7,226.00"
2011-09-23,"7,290.00"
2011-09-22,"7,790.50"
2011-09-21,"8,221.00"
2011-09-20,"8,397.50"
2011-09-19,"8,415.00"
2011-09-16,"8,781.50"
2011-09-15,"8,709.50"
2011-09-14,"8,719.50"
2011-09-13,"8,757.50"
2011-09-12,"8,645.50"
2011-09-09,"8,904.50"
2011-09-08,"9,041.00"
2011-09-07,"8,970.50"
2011-09-06,"8,919.50"
2011-09-05,"8,935.00"
2011-09-02,"9,050.50"
2011-09-01,"9,101.00"
2011-08-31,"9,197.00"
2011-08-30,"9,128.00"
2011-08-26,"9,090.50"
2011-08-25,"8,907.50"
2011-08-24,"8,832.00"
2011-08-23,"8,858.50"
2011-08-22,"8,811.50"
2011-08-19,"8,781.50"
2011-08-18,"8,803.00"
2011-08-17,"8,870.00"
2011-08-16,"8,760.00"
2011-08-15,"8,824.00"
2011-08-12,"8,851.00"
2011-08-11,"8,802.00"
2011-08-10,"8,853.50"
2011-08-09,"8,851.00"
2011-08-08,"9,039.00"
2011-08-05,"9,190.00"
2011-08-04,"9,452.00"
2011-08-03,"9,549.50"
2011-08-02,"9,630.00"
2011-08-01,"9,827.00"
2011-07-29,"9,731.00"
2011-07-28,"9,744.00"
2011-07-27,"9,736.00"
2011-07-26,"9,778.00"
2011-07-25,"9,620.00"
2011-07-22,"9,698.00"
2011-07-21,"9,607.00"
2011-07-20,"9,765.50"
2011-07-19,"9,755.00"
2011-07-18,"9,690.00"
2011-07-15,"9,606.00"
2011-07-14,"9,655.00"
2011-07-13,"9,658.50"
2011-07-12,"9,500.50"
2011-07-11,"9,556.00"
2011-07-08,"9,713.00"
2011-07-07,"9,537.00"
2011-07-06,"9,432.00"
2011-07-05,"9,405.50"
2011-07-04,"9,411.00"
2011-07-01,"9,405.00"
2011-06-30,"9,301.00"
2011-06-29,"9,176.00"
2011-06-28,"8,995.50"
2011-06-27,"9,000.50"
2011-06-24,"9,045.00"
2011-06-23,"8,978.50"
2011-06-22,"9,007.00"
2011-06-21,"9,060.00"
2011-06-20,"8,935.00"
2011-06-17,"9,101.50"
2011-06-16,"9,011.50"
2011-06-15,"9,147.00"
2011-06-14,"9,010.00"
2011-06-13,"8,895.00"
2011-06-10,"9,000.50"
2011-06-09,"8,950.50"
2011-06-08,"8,970.50"
2011-06-07,"9,092.00"
2011-06-06,"9,098.00"
2011-06-03,"9,016.00"
2011-06-02,"9,037.50"
2011-06-01,"9,171.00"
2011-05-31,"9,224.50"
2011-05-27,"9,151.00"
2011-05-26,"8,990.50"
2011-05-25,"9,019.00"
2011-05-24,"8,881.50"
2011-05-23,"8,831.00"
2011-05-20,"8,982.50"
2011-05-19,"9,006.50"
2011-05-18,"8,896.50"
2011-05-17,"8,863.00"
2011-05-16,"8,710.00"
2011-05-13,"8,857.00"
2011-05-12,"8,536.50"
2011-05-11,"8,750.50"
2011-05-10,"8,935.50"
2011-05-09,"8,908.00"
2011-05-06,"8,790.00"
2011-05-05,"8,791.00"
2011-05-04,"9,171.50"
2011-05-03,"9,245.00"
2011-04-28,"9,370.50"
2011-04-27,"9,348.50"
2011-04-26,"9,455.50"
2011-04-21,"9,611.00"
2011-04-20,"9,450.50"
2011-04-19,"9,279.00"
2011-04-18,"9,356.50"
2011-04-15,"9,420.00"
2011-04-14,"9,326.50"
2011-04-13,"9,625.50"
2011-04-12,"9,670.50"
2011-04-11,"9,781.50"
2011-04-08,"9,823.00"
2011-04-07,"9,697.00"
2011-04-06,"9,475.50"
2011-04-05,"9,251.50"
2011-04-04,"9,420.00"
2011-04-01,"9,336.00"
2011-03-31,"9,399.50"
2011-03-30,"9,519.50"
2011-03-29,"9,450.00"
2011-03-28,"9,545.00"
2011-03-25,"9,715.00"
2011-03-24,"9,695.50"
2011-03-23,"9,704.00"
2011-03-22,"9,450.00"
2011-03-21,"9,519.00"
2011-03-18,"9,525.00"
2011-03-17,"9,440.00"
2011-03-16,"9,354.50"
2011-03-15,"8,980.00"
2011-03-14,"9,205.50"
2011-03-11,"9,048.00"
2011-03-10,"9,195.50"
2011-03-09,"9,610.00"
2011-03-08,"9,420.00"
2011-03-07,"9,840.50"
2011-03-04,"9,970.50"
2011-03-03,"9,889.50"
2011-03-02,"9,820.50"
2011-03-01,"9,908.00"
2011-02-28,"9,857.50"
2011-02-25,"9,700.00"
2011-02-24,"9,440.00"
2011-02-23,"9,491.00"
2011-02-22,"9,655.00"
2011-02-21,"9,829.50"
2011-02-18,"9,806.00"
2011-02-17,"9,800.00"
2011-02-16,"9,925.00"
2011-02-15,"10,106.50"
2011-02-14,"10,148.00"
2011-02-11,"9,920.50"
2011-02-10,"9,875.50"
2011-02-09,"10,000.00"
2011-02-08,"9,930.50"
2011-02-07,"10,145.00"
2011-02-04,"9,986.00"
2011-02-03,"9,950.50"
2011-02-02,"9,945.00"
2011-02-01,"9,840.50"
2011-01-31,"9,720.00"
2011-01-28,"9,590.00"
2011-01-27,"9,490.00"
2011-01-26,"9,376.00"
2011-01-25,"9,330.00"
2011-01-24,"9,509.00"
2011-01-21,"9,485.00"
2011-01-20,"9,485.00"
2011-01-19,"9,788.00"
2011-01-18,"9,740.00"
2011-01-17,"9,690.00"
2011-01-14,"9,591.00"
2011-01-13,"9,622.00"
2011-01-12,"9,625.00"
2011-01-11,"9,484.00"
2011-01-10,"9,384.00"
2011-01-07,"9,399.00"
2011-01-06,"9,591.00"
2011-01-05,"9,461.00"
2011-01-04,"9,754.00"
2010-12-31,"9,739.50"
2010-12-30,"9,580.00"
2010-12-29,"9,465.00"
2010-12-24,"9,391.00"
2010-12-23,"9,270.00"
2010-12-22,"9,414.50"
2010-12-21,"9,410.00"
2010-12-20,"9,250.00"
2010-12-17,"9,101.50"
2010-12-16,"9,050.00"
2010-12-15,"9,101.00"
2010-12-14,"9,260.00"
2010-12-13,"9,211.00"
2010-12-10,"9,116.00"
2010-12-09,"9,041.50"
2010-12-08,"8,882.00"
2010-12-07,"9,024.00"
2010-12-06,"8,780.00"
2010-12-03,"8,754.00"
2010-12-02,"8,711.50"
2010-12-01,"8,540.00"
2010-11-30,"8,375.00"
2010-11-29,"8,319.50"
2010-11-26,"8,288.00"
2010-11-25,"8,290.00"
2010-11-24,"8,254.50"
2010-11-23,"8,149.00"
2010-11-22,"8,405.50"
2010-11-19,"8,409.00"
2010-11-18,"8,386.00"
2010-11-17,"8,145.00"
2010-11-16,"8,483.50"
2010-11-15,"8,590.00"
2010-11-12,"8,715.00"
2010-11-11,"8,925.00"
2010-11-10,"8,729.00"
2010-11-09,"8,844.50"
2010-11-08,"8,672.00"
2010-11-05,"8,700.00"
2010-11-04,"8,521.50"
2010-11-03,"8,400.50"
2010-11-02,"8,396.00"
2010-11-01,"8,339.00"
2010-10-29,"8,225.00"
2010-10-28,"8,332.00"
2010-10-27,"8,332.00"
2010-10-26,"8,466.00"
2010-10-25,"8,501.00"
2010-10-22,"8,309.50"
2010-10-21,"8,406.00"
2010-10-20,"8,250.00"
2010-10-19,"8,295.00"
2010-10-18,"8,340.50"
2010-10-15,"8,362.50"
2010-10-14,"8,412.00"
2010-10-13,"8,400.00"
2010-10-12,"8,266.00"
2010-10-11,"8,335.50"
2010-10-08,"8,104.50"
2010-10-07,"8,262.00"
2010-10-06,"8,215.50"
2010-10-05,"8,125.00"
2010-10-04,"8,085.50"
2010-10-01,"8,115.00"
2010-09-30,"8,053.50"
2010-09-29,"8,016.50"
2010-09-28,"7,866.00"
2010-09-27,"7,922.00"
2010-09-24,"7,911.00"
2010-09-23,"7,876.50"
2010-09-22,"7,705.50"
2010-09-21,"7,695.00"
2010-09-20,"7,735.50"
2010-09-17,"7,756.00"
2010-09-16,"7,670.00"
2010-09-15,"7,595.00"
2010-09-14,"7,517.00"
2010-09-13,"7,630.00"
2010-09-10,"7,525.00"
2010-09-09,"7,532.00"
2010-09-08,"7,620.00"
2010-09-07,"7,520.00"
2010-09-06,"7,660.50"
2010-09-03,"7,631.50"
2010-09-02,"7,625.50"
2010-09-01,"7,540.50"
2010-08-31,"7,355.50"
2010-08-27,"7,287.00"
2010-08-26,"7,195.50"
2010-08-25,"7,067.00"
2010-08-24,"7,171.00"
2010-08-23,"7,250.00"
2010-08-20,"7,205.50"
2010-08-19,"7,442.00"
2010-08-18,"7,353.50"
2010-08-17,"7,315.50"
2010-08-16,"7,205.00"
2010-08-13,"7,200.00"
2010-08-12,"7,180.00"
2010-08-11,"7,204.00"
2010-08-10,"7,225.00"
2010-08-09,"7,425.00"
2010-08-06,"7,420.00"
2010-08-05,"7,395.00"
2010-08-04,"7,370.50"
2010-08-03,"7,360.00"
2010-08-02,"7,336.00"
2010-07-30,"7,195.00"
2010-07-29,"7,206.00"
2010-07-28,"7,120.00"
2010-07-27,"7,091.50"
2010-07-26,"6,995.50"
2010-07-23,"6,995.00"
2010-07-22,"6,920.50"
2010-07-21,"6,771.00"
2010-07-20,"6,526.00"
2010-07-19,"6,514.00"
2010-07-16,"6,650.00"
2010-07-15,"6,656.00"
2010-07-14,"6,694.50"
2010-07-13,"6,596.00"
2010-07-12,"6,630.50"
2010-07-09,"6,680.50"
2010-07-08,"6,641.00"
2010-07-07,"6,545.00"
2010-07-06,"6,523.00"
2010-07-05,"6,440.00"
2010-07-02,"6,430.50"
2010-07-01,"6,354.00"
2010-06-30,"6,515.00"
2010-06-29,"6,585.00"
2010-06-28,"6,800.00"
2010-06-25,"6,604.50"
2010-06-24,"6,525.50"
2010-06-23,"6,576.00"
2010-06-22,"6,460.00"
2010-06-21,"6,607.00"
2010-06-18,"6,315.50"
2010-06-17,"6,480.50"
2010-06-16,"6,592.50"
2010-06-15,"6,625.00"
2010-06-14,"6,610.00"
2010-06-11,"6,462.00"
2010-06-10,"6,292.00"
2010-06-09,"6,295.50"
2010-06-08,"6,091.00"
2010-06-07,"6,157.00"
2010-06-04,"6,450.00"
2010-06-03,"6,620.50"
2010-06-02,"6,605.00"
2010-06-01,"6,715.00"
2010-05-28,"6,926.00"
2010-05-27,"6,875.50"
2010-05-26,"6,836.00"
2010-05-25,"6,685.00"
2010-05-24,"6,770.50"
2010-05-21,"6,639.00"
2010-05-20,"6,500.00"
2010-05-19,"6,465.50"
2010-05-18,"6,605.50"
2010-05-17,"6,721.00"
2010-05-14,"6,955.50"
2010-05-13,"7,010.50"
2010-05-12,"7,082.00"
2010-05-11,"6,885.00"
2010-05-10,"7,165.50"
2010-05-07,"6,872.00"
2010-05-06,"6,945.00"
2010-05-05,"6,801.00"
2010-05-04,"7,175.50"
2010-04-30,"7,365.00"
2010-04-29,"7,395.00"
2010-04-28,"7,410.50"
2010-04-27,"7,645.00"
2010-04-26,"7,760.00"
2010-04-23,"7,660.00"
2010-04-22,"7,661.00"
2010-04-21,"7,666.00"
2010-04-20,"7,787.00"
2010-04-19,"7,656.00"
2010-04-16,"7,905.50"
2010-04-15,"7,875.00"
2010-04-14,"7,924.50"
2010-04-13,"7,845.00"
2010-04-12,"7,915.00"
2010-04-09,"7,896.00"
2010-04-08,"7,795.50"
2010-04-07,"7,908.00"
2010-04-06,"7,950.50"
2010-04-01,"7,881.00"
2010-03-31,"7,830.00"
2010-03-30,"7,786.00"
2010-03-29,"7,635.00"
2010-03-26,"7,490.50"
2010-03-25,"7,347.00"
2010-03-24,"7,310.50"
2010-03-23,"7,404.50"
2010-03-22,"7,300.50"
2010-03-19,"7,461.00"
2010-03-18,"7,476.00"
2010-03-17,"7,488.00"
2010-03-16,"7,341.50"
2010-03-15,"7,330.00"
2010-03-12,"7,470.00"
2010-03-11,"7,384.50"
2010-03-10,"7,524.00"
2010-03-09,"7,395.00"
2010-03-08,"7,541.50"
2010-03-05,"7,466.50"
2010-03-04,"7,485.50"
2010-03-03,"7,483.50"
2010-03-02,"7,359.00"
2010-03-01,"7,335.00"
2010-02-26,"7,072.00"
2010-02-25,"7,046.00"
2010-02-24,"7,032.00"
2010-02-23,"7,227.00"
2010-02-22,"7,338.00"
2010-02-19,"7,193.00"
2010-02-18,"7,086.00"
2010-02-17,"7,119.50"
2010-02-16,"6,940.00"
2010-02-15,"6,841.00"
2010-02-12,"6,766.00"
2010-02-11,"6,672.50"
2010-02-10,"6,610.50"
2010-02-09,"6,485.00"
2010-02-08,"6,329.00"
2010-02-05,"6,242.00"
2010-02-04,"6,571.00"
2010-02-03,"6,853.00"
2010-02-02,"6,865.00"
2010-02-01,"6,675.00"
2010-01-29,"6,854.00"
2010-01-28,"7,042.00"
2010-01-27,"7,244.00"
2010-01-26,"7,306.00"
2010-01-25,"7,409.00"
2010-01-22,"7,240.00"
2010-01-21,"7,347.00"
2010-01-20,"7,446.00"
2010-01-19,"7,442.00"
2010-01-18,"7,507.00"
2010-01-15,"7,405.50"
2010-01-14,"7,454.00"
2010-01-13,"7,391.00"
2010-01-12,"7,425.00"
2010-01-11,"7,685.00"
2010-01-08,"7,446.00"
2010-01-07,"7,594.00"
2010-01-06,"7,587.50"
2010-01-05,"7,436.00"
2010-01-04,"7,464.00"
2009-12-31,"7,346.00"
2009-12-30,"7,295.00"
2009-12-29,"7,221.00"
2009-12-24,"7,070.00"
2009-12-23,"6,901.00"
2009-12-22,"6,856.00"
2009-12-21,"6,880.00"
2009-12-18,"6,841.00"
2009-12-17,"6,900.50"
2009-12-16,"6,946.00"
2009-12-15,"6,800.50"
2009-12-14,"6,920.00"
2009-12-11,"6,871.00"
2009-12-10,"6,810.00"
2009-12-09,"6,935.00"
2009-12-08,"6,960.50"
2009-12-07,"6,920.50"
2009-12-04,"7,026.00"
2009-12-03,"7,071.00"
2009-12-02,"7,055.00"
2009-12-01,"6,990.00"
2009-11-30,"6,814.50"
2009-11-27,"6,755.00"
2009-11-26,"6,904.50"
2009-11-25,"6,914.00"
2009-11-24,"6,865.00"
2009-11-23,"6,945.50"
2009-11-20,"6,731.00"
2009-11-19,"6,761.00"
2009-11-18,"6,926.00"
2009-11-17,"6,761.00"
2009-11-16,"6,700.50"
2009-11-13,"6,500.00"
2009-11-12,"6,475.00"
2009-11-11,"6,595.50"
2009-11-10,"6,475.00"
2009-11-09,"6,565.00"
2009-11-06,"6,532.00"
2009-11-05,"6,527.50"
2009-11-04,"6,571.00"
2009-11-03,"6,395.50"
2009-11-02,"6,473.00"
2009-10-30,"6,575.00"
2009-10-29,"6,424.50"
2009-10-28,"6,475.00"
2009-10-27,"6,563.00"
2009-10-26,"6,675.50"
2009-10-23,"6,640.00"
2009-10-22,"6,565.50"
2009-10-21,"6,346.00"
2009-10-20,"6,444.00"
2009-10-19,"6,260.00"
2009-10-16,"6,160.50"
2009-10-15,"6,077.00"
2009-10-14,"6,192.00"
2009-10-13,"6,282.00"
2009-10-12,"6,236.00"
2009-10-09,"6,265.50"
2009-10-08,"6,241.50"
2009-10-07,"6,060.50"
2009-10-06,"6,042.00"
2009-10-05,"5,856.00"
2009-10-02,"5,872.00"
2009-10-01,"6,082.00"
2009-09-30,"6,136.00"
2009-09-29,"5,934.50"
2009-09-28,"5,896.00"
2009-09-25,"5,966.00"
2009-09-24,"6,089.50"
2009-09-23,"6,111.00"
2009-09-22,"6,295.50"
2009-09-21,"6,089.00"
2009-09-18,"6,231.00"
2009-09-17,"6,302.00"
2009-09-16,"6,315.50"
2009-09-15,"6,156.00"
2009-09-14,"6,145.50"
2009-09-11,"6,290.00"
2009-09-10,"6,305.00"
2009-09-09,"6,415.50"
2009-09-08,"6,465.50"
2009-09-07,"6,297.50"
2009-09-04,"6,280.00"
2009-09-03,"6,280.00"
2009-09-02,"6,080.00"
2009-09-01,"6,240.50"
2009-08-28,"6,490.50"
2009-08-27,"6,261.00"
2009-08-26,"6,305.00"
2009-08-25,"6,285.50"
2009-08-24,"6,361.00"
2009-08-21,"6,135.00"
2009-08-20,"6,122.00"
2009-08-19,"5,947.00"
2009-08-18,"6,116.00"
2009-08-17,"6,096.00"
2009-08-14,"6,386.00"
2009-08-13,"6,419.00"
2009-08-12,"6,029.00"
2009-08-11,"6,136.00"
2009-08-10,"6,197.00"
2009-08-07,"5,964.00"
2009-08-06,"6,035.00"
2009-08-05,"6,132.00"
2009-08-04,"5,917.00"
2009-08-03,"5,972.00"
2009-07-31,"5,750.00"
2009-07-30,"5,497.00"
2009-07-29,"5,410.50"
2009-07-28,"5,615.00"
2009-07-27,"5,615.00"
2009-07-24,"5,551.00"
2009-07-23,"5,474.00"
2009-07-22,"5,342.00"
2009-07-21,"5,345.00"
2009-07-20,"5,400.00"
2009-07-17,"5,230.00"
2009-07-16,"5,231.50"
2009-07-15,"5,181.50"
2009-07-14,"5,011.00"
2009-07-13,"4,883.00"
2009-07-10,"4,840.00"
2009-07-09,"4,821.00"
2009-07-08,"4,850.00"
2009-07-07,"5,012.00"
2009-07-06,"4,859.00"
2009-07-03,"4,991.00"
2009-07-02,"5,006.00"
2009-07-01,"5,042.00"
2009-06-30,"5,108.00"
2009-06-29,"5,085.50"
2009-06-26,"5,101.50"
2009-06-25,"5,023.50"
2009-06-24,"4,890.50"
2009-06-23,"4,810.00"
2009-06-22,"4,821.00"
2009-06-19,"5,020.00"
2009-06-18,"4,901.00"
2009-06-17,"4,903.00"
2009-06-16,"5,049.00"
2009-06-15,"5,075.00"
2009-06-12,"5,240.50"
2009-06-11,"5,266.00"
2009-06-10,"5,180.00"
2009-06-09,"5,047.00"
2009-06-08,"4,936.00"
2009-06-05,"5,055.00"
2009-06-04,"4,870.00"
2009-06-03,"4,951.50"
2009-06-02,"5,026.00"
2009-06-01,"4,947.00"
2009-05-29,"4,776.00"
2009-05-28,"4,637.00"
2009-05-27,"4,661.00"
2009-05-26,"4,538.00"
2009-05-22,"4,586.00"
2009-05-21,"4,504.00"
2009-05-20,"4,539.00"
2009-05-19,"4,601.00"
2009-05-18,"4,400.00"
2009-05-15,"4,348.00"
2009-05-14,"4,309.00"
2009-05-13,"4,508.00"
2009-05-12,"4,626.00"
2009-05-11,"4,527.00"
2009-05-08,"4,752.00"
2009-05-07,"4,760.00"
2009-05-06,"4,591.00"
2009-05-05,"4,640.00"
2009-05-01,"4,501.00"
2009-04-30,"4,515.00"
2009-04-29,"4,300.50"
2009-04-28,"4,185.00"
2009-04-27,"4,305.50"
2009-04-24,"4,362.00"
2009-04-23,"4,541.00"
2009-04-22,"4,447.00"
2009-04-21,"4,402.50"
2009-04-20,"4,636.00"
2009-04-17,"4,725.00"
2009-04-16,"4,766.00"
2009-04-15,"4,750.00"
2009-04-14,"4,582.00"
2009-04-09,"4,465.00"
2009-04-08,"4,305.00"
2009-04-07,"4,309.00"
2009-04-06,"4,330.50"
2009-04-03,"4,130.00"
2009-04-02,"4,110.50"
2009-04-01,"3,963.50"
2009-03-31,"4,035.00"
2009-03-30,"3,872.00"
2009-03-27,"3,946.00"
2009-03-26,"4,078.00"
2009-03-25,"3,890.00"
2009-03-24,"3,911.00"
2009-03-23,"4,006.50"
2009-03-20,"3,911.00"
2009-03-19,"3,930.00"
2009-03-18,"3,740.00"
2009-03-17,"3,761.00"
2009-03-16,"3,690.00"
2009-03-13,"3,671.00"
2009-03-12,"3,494.00"
2009-03-11,"3,636.00"
2009-03-10,"3,667.50"
2009-03-09,"3,567.00"
2009-03-06,"3,693.00"
2009-03-05,"3,640.50"
2009-03-04,"3,545.00"
2009-03-03,"3,480.00"
2009-03-02,"3,330.00"
2009-02-27,"3,390.00"
2009-02-26,"3,443.00"
2009-02-25,"3,350.50"
2009-02-24,"3,190.50"
2009-02-23,"3,205.50"
2009-02-20,"3,150.00"
2009-02-19,"3,291.00"
2009-02-18,"3,151.50"
2009-02-17,"3,271.00"
2009-02-16,"3,271.50"
2009-02-13,"3,407.00"
2009-02-12,"3,350.50"
2009-02-11,"3,377.00"
2009-02-10,"3,461.00"
2009-02-09,"3,527.00"
2009-02-06,"3,440.50"
2009-02-05,"3,350.50"
2009-02-04,"3,320.00"
2009-02-03,"3,201.00"
2009-02-02,"3,145.50"
2009-01-30,"3,106.00"
2009-01-29,"3,125.50"
2009-01-28,"3,295.00"
2009-01-27,"3,330.50"
2009-01-26,"3,281.00"
2009-01-23,"3,050.50"
2009-01-22,"3,155.00"
2009-01-21,"3,211.00"
2009-01-20,"3,275.50"
2009-01-19,"3,321.00"
2009-01-16,"3,343.00"
2009-01-15,"3,210.50"
2009-01-14,"3,274.00"
2009-01-13,"3,139.00"
2009-01-12,"3,171.50"
2009-01-09,"3,280.00"
2009-01-08,"3,170.50"
2009-01-07,"3,390.50"
2009-01-06,"3,332.00"
2009-01-05,"3,101.50"
2009-01-02,"3,071.00"
2008-12-31,"2,902.00"
2008-12-30,"2,812.00"
2008-12-29,"2,843.00"
2008-12-24,"2,770.00"
2008-12-23,"2,850.50"
2008-12-22,"2,910.50"
2008-12-19,"2,826.00"
2008-12-18,"2,885.50"
2008-12-17,"3,000.00"
2008-12-16,"3,020.50"
2008-12-15,"3,075.50"
2008-12-12,"2,982.00"
2008-12-11,"3,232.50"
2008-12-10,"3,180.50"
2008-12-09,"3,120.00"
2008-12-08,"3,141.00"
2008-12-05,"3,050.50"
2008-12-04,"3,360.50"
2008-12-03,"3,423.00"
2008-12-02,"3,530.50"
2008-12-01,"3,595.50"
2008-11-28,"3,581.00"
2008-11-27,"3,665.00"
2008-11-26,"3,742.00"
2008-11-25,"3,565.50"
2008-11-24,"3,715.50"
2008-11-21,"3,470.50"
2008-11-20,"3,430.50"
2008-11-19,"3,565.00"
2008-11-18,"3,511.00"
2008-11-17,"3,580.50"
2008-11-14,"3,722.00"
2008-11-13,"3,591.00"
2008-11-12,"3,592.00"
2008-11-11,"3,690.50"
2008-11-10,"4,005.00"
2008-11-07,"3,761.00"
2008-11-06,"3,890.00"
2008-11-05,"4,071.00"
2008-11-04,"4,231.00"
2008-11-03,"3,960.00"
2008-10-31,"3,995.00"
2008-10-30,"4,497.00"
2008-10-29,"4,420.50"
2008-10-28,"4,129.00"
2008-10-27,"3,686.00"
2008-10-24,"3,721.00"
2008-10-23,"3,986.00"
2008-10-22,"4,286.00"
2008-10-21,"4,490.00"
2008-10-20,"4,875.50"
2008-10-17,"4,701.00"
2008-10-16,"4,880.00"
2008-10-15,"5,126.00"
2008-10-14,"5,550.00"
2008-10-13,"5,031.00"
2008-10-10,"5,000.00"
2008-10-09,"5,402.00"
2008-10-08,"5,739.00"
2008-10-07,"5,739.00"
2008-10-06,"5,706.00"
2008-10-03,"5,960.00"
2008-10-02,"6,221.00"
2008-10-01,"6,379.00"
2008-09-30,"6,419.00"
2008-09-29,"6,590.00"
2008-09-26,"6,926.00"
2008-09-25,"6,905.00"
2008-09-24,"6,995.00"
2008-09-23,"7,090.00"
2008-09-22,"7,166.00"
2008-09-19,"6,900.00"
2008-09-18,"6,932.00"
2008-09-17,"6,932.00"
2008-09-16,"6,841.00"
2008-09-15,"6,879.00"
2008-09-12,"7,096.00"
2008-09-11,"6,900.00"
2008-09-10,"6,861.00"
2008-09-09,"6,926.00"
2008-09-08,"6,990.00"
2008-09-05,"7,075.00"
2008-09-04,"7,420.00"
2008-09-03,"7,360.00"
2008-09-02,"7,225.00"
2008-09-01,"7,371.00"
2008-08-29,"7,510.00"
2008-08-28,"7,648.00"
2008-08-27,"7,626.00"
2008-08-26,"7,581.00"
2008-08-22,"7,861.00"
2008-08-21,"7,842.00"
2008-08-20,"7,670.00"
2008-08-19,"7,477.00"
2008-08-18,"7,432.00"
2008-08-15,"7,310.00"
2008-08-14,"7,640.00"
2008-08-13,"7,318.00"
2008-08-12,"7,261.00"
2008-08-11,"7,460.50"
2008-08-08,"7,550.00"
2008-08-07,"7,826.00"
2008-08-06,"7,871.00"
2008-08-05,"7,809.50"
2008-08-04,"7,905.00"
2008-08-01,"8,096.00"
2008-07-31,"8,260.50"
2008-07-30,"8,055.00"
2008-07-29,"8,096.00"
2008-07-28,"8,190.00"
2008-07-25,"8,160.00"
2008-07-24,"8,259.50"
2008-07-23,"8,310.00"
2008-07-22,"8,441.00"
2008-07-21,"8,390.00"
2008-07-18,"8,324.00"
2008-07-17,"8,301.00"
2008-07-16,"8,291.00"
2008-07-15,"8,475.50"
2008-07-14,"8,480.00"
2008-07-11,"8,499.00"
2008-07-10,"8,423.00"
2008-07-09,"8,355.00"
2008-07-08,"8,540.00"
2008-07-07,"8,565.00"
2008-07-04,"8,661.00"
2008-07-03,"8,985.00"
2008-07-02,"8,750.50"
2008-07-01,"8,711.00"
2008-06-30,"8,775.50"
2008-06-27,"8,680.00"
2008-06-26,"8,551.00"
2008-06-25,"8,542.00"
2008-06-24,"8,491.50"
2008-06-23,"8,540.50"
2008-06-20,"8,590.00"
2008-06-19,"8,385.50"
2008-06-18,"8,296.00"
2008-06-17,"8,181.00"
2008-06-16,"8,255.00"
2008-06-13,"8,025.00"
2008-06-12,"7,955.00"
2008-06-11,"7,989.00"
2008-06-10,"8,050.00"
2008-06-09,"8,092.50"
2008-06-06,"8,106.00"
2008-06-05,"7,921.00"
2008-06-04,"8,006.00"
2008-06-03,"8,060.00"
2008-06-02,"7,980.00"
2008-05-30,"8,105.00"
2008-05-29,"8,110.00"
2008-05-28,"8,176.00"
2008-05-27,"8,376.00"
2008-05-23,"8,278.00"
2008-05-22,"8,420.00"
2008-05-21,"8,395.00"
2008-05-20,"8,360.00"
2008-05-19,"8,540.00"
2008-05-16,"8,470.00"
2008-05-15,"8,360.00"
2008-05-14,"8,180.00"
2008-05-13,"8,410.00"
2008-05-12,"8,276.00"
2008-05-09,"8,400.00"
2008-05-08,"8,460.00"
2008-05-07,"8,641.00"
2008-05-06,"8,622.00"
2008-05-02,"8,390.00"
2008-05-01,"8,686.00"
2008-04-30,"8,655.00"
2008-04-29,"8,740.00"
2008-04-28,"8,746.00"
2008-04-25,"8,600.00"
2008-04-24,"8,700.50"
2008-04-23,"8,796.00"
2008-04-22,"8,770.00"
2008-04-21,"8,641.50"
2008-04-18,"8,630.00"
2008-04-17,"8,861.50"
2008-04-16,"8,736.50"
2008-04-15,"8,720.00"
2008-04-14,"8,679.50"
2008-04-11,"8,810.00"
2008-04-10,"8,884.50"
2008-04-09,"8,650.00"
2008-04-08,"8,682.00"
2008-04-07,"8,740.00"
2008-04-04,"8,645.00"
2008-04-03,"8,591.00"
2008-04-02,"8,464.00"
2008-04-01,"8,325.50"
2008-03-31,"8,520.00"
2008-03-28,"8,540.00"
2008-03-27,"8,457.00"
2008-03-26,"8,260.00"
2008-03-25,"8,240.00"
2008-03-20,"7,789.00"
2008-03-19,"8,210.50"
2008-03-18,"8,285.00"
2008-03-17,"8,360.00"
2008-03-14,"8,611.00"
2008-03-13,"8,550.00"
2008-03-12,"8,356.00"
2008-03-11,"8,560.50"
2008-03-10,"8,400.50"
2008-03-07,"8,660.00"
2008-03-06,"8,881.00"
2008-03-05,"8,416.00"
2008-03-04,"8,685.00"
2008-03-03,"8,565.00"
2008-02-29,"8,540.50"
2008-02-28,"8,470.00"
2008-02-27,"8,516.00"
2008-02-26,"8,271.00"
2008-02-25,"8,247.00"
2008-02-22,"8,322.00"
2008-02-21,"8,281.00"
2008-02-20,"8,101.00"
2008-02-19,"8,080.00"
2008-02-18,"7,945.00"
2008-02-15,"7,801.00"
2008-02-14,"7,776.00"
2008-02-13,"7,680.50"
2008-02-12,"7,805.00"
2008-02-11,"7,820.50"
2008-02-08,"7,612.00"
2008-02-07,"7,350.00"
2008-02-06,"7,181.00"
2008-02-05,"7,202.00"
2008-02-04,"7,295.00"
2008-02-01,"7,345.00"
2008-01-31,"7,170.50"
2008-01-30,"7,165.00"
2008-01-29,"7,171.00"
2008-01-28,"6,893.00"
2008-01-25,"7,120.00"
2008-01-24,"7,092.00"
2008-01-23,"7,000.50"
2008-01-22,"6,920.00"
2008-01-21,"6,910.00"
2008-01-18,"7,062.00"
2008-01-17,"7,121.50"
2008-01-11,"7,196.00"
2008-01-09,"7,351.00"
2008-01-04,"6,990.50"
2008-01-03,"6,765.00"
2008-01-02,"6,666.00"
2007-12-31,"6,676.50"
2007-12-28,"6,715.00"
2007-12-27,"6,871.00"
2007-12-21,"6,630.00"
2007-12-20,"6,561.50"
2007-12-19,"6,381.00"
2007-12-18,"6,272.50"
2007-12-17,"6,365.00"
2007-12-14,"6,420.00"
2007-12-13,"6,500.00"
2007-12-12,"6,560.00"
2007-12-11,"6,635.00"
2007-12-10,"6,710.00"
2007-12-07,"6,812.00"
2007-12-06,"6,610.00"
2007-12-05,"6,551.00"
2007-12-04,"6,501.00"
2007-12-03,"6,806.50"
2007-11-30,"6,956.00"
2007-11-29,"6,825.00"
2007-11-28,"6,540.00"
2007-11-27,"6,620.00"
2007-11-26,"6,740.00"
2007-11-23,"6,632.00"
2007-11-22,"6,492.00"
2007-11-21,"6,535.50"
2007-11-20,"6,615.50"
2007-11-19,"6,883.00"
2007-11-16,"6,825.50"
2007-11-15,"7,051.00"
2007-11-14,"7,021.00"
2007-11-13,"6,980.00"
2007-11-12,"6,779.00"
2007-11-09,"7,021.00"
2007-11-08,"7,222.00"
2007-11-07,"7,451.00"
2007-11-06,"7,470.00"
2007-11-05,"7,412.00"
2007-11-02,"7,535.00"
2007-11-01,"7,661.00"
2007-10-31,"7,761.00"
2007-10-30,"7,695.00"
2007-10-29,"7,940.00"
2007-10-26,"7,860.50"
2007-10-25,"7,792.50"
2007-10-24,"7,736.00"
2007-10-23,"7,900.00"
2007-10-22,"7,725.00"
2007-10-19,"7,909.50"
2007-10-18,"7,981.00"
2007-10-17,"7,991.00"
2007-10-16,"8,081.00"
2007-10-15,"8,285.00"
2007-10-12,"8,100.00"
2007-10-11,"8,226.00"
2007-10-10,"8,135.50"
2007-10-09,"7,991.00"
2007-10-08,"7,990.00"
2007-10-05,"8,230.00"
2007-10-04,"8,270.00"
2007-10-03,"8,301.00"
2007-10-02,"8,161.00"
2007-10-01,"8,132.00"
2007-09-28,"8,165.00"
2007-09-27,"8,145.00"
2007-09-26,"8,082.00"
2007-09-25,"7,990.00"
2007-09-24,"8,076.00"
2007-09-21,"7,980.00"
2007-09-20,"7,852.00"
2007-09-19,"7,819.00"
2007-09-18,"7,540.00"
2007-09-17,"7,600.00"
2007-09-14,"7,471.00"
2007-09-13,"7,426.00"
2007-09-12,"7,396.00"
2007-09-11,"7,406.00"
2007-09-10,"7,248.00"
2007-09-07,"7,361.00"
2007-09-06,"7,250.00"
2007-09-05,"7,420.00"
2007-09-04,"7,301.50"
2007-09-03,"7,451.00"
2007-08-31,"7,580.00"
2007-08-30,"7,395.00"
2007-08-29,"7,380.00"
2007-08-28,"7,360.50"
2007-08-24,"7,310.00"
2007-08-23,"7,379.50"
2007-08-22,"7,225.00"
2007-08-21,"7,060.00"
2007-08-20,"7,196.00"
2007-08-17,"6,960.00"
2007-08-16,"7,155.00"
2007-08-15,"7,430.00"
2007-08-14,"7,700.00"
2007-08-13,"7,696.50"
2007-08-10,"7,455.00"
2007-08-09,"7,680.00"
2007-08-08,"7,719.00"
2007-08-07,"7,830.00"
2007-08-06,"7,790.50"
2007-08-03,"7,990.00"
2007-08-02,"8,055.00"
2007-08-01,"7,950.00"
2007-07-31,"8,159.00"
2007-07-30,"7,885.00"
2007-07-27,"7,880.00"
2007-07-26,"7,906.00"
2007-07-25,"7,975.00"
2007-07-24,"8,160.00"
2007-07-23,"8,210.00"
2007-07-20,"8,120.50"
2007-07-19,"8,001.00"
2007-07-18,"7,880.00"
2007-07-17,"7,840.00"
2007-07-16,"7,967.50"
2007-07-13,"7,940.50"
2007-07-12,"8,091.00"
2007-07-11,"8,041.00"
2007-07-10,"8,030.00"
2007-07-09,"8,041.00"
2007-07-06,"7,902.00"
2007-07-05,"7,895.00"
2007-07-04,"7,930.00"
2007-07-03,"7,841.00"
2007-07-02,"7,730.50"
2007-06-29,"7,650.00"
2007-06-28,"7,540.00"
2007-06-27,"7,360.00"
2007-06-26,"7,521.00"
2007-06-25,"7,312.00"
2007-06-22,"7,510.00"
2007-06-21,"7,550.50"
2007-06-20,"7,625.50"
2007-06-19,"7,470.50"
2007-06-18,"7,665.00"
2007-06-15,"7,480.00"
2007-06-14,"7,372.00"
2007-06-13,"7,260.00"
2007-06-12,"7,292.00"
2007-06-11,"7,384.00"
2007-06-08,"7,285.00"
2007-06-07,"7,450.00"
2007-06-06,"7,560.00"
2007-06-05,"7,655.00"
2007-06-04,"7,540.50"
2007-06-01,"7,510.50"
2007-05-31,"7,440.50"
2007-05-30,"7,255.00"
2007-05-29,"7,360.50"
2007-05-25,"7,142.00"
2007-05-24,"7,375.00"
2007-05-23,"7,215.50"
2007-05-22,"7,560.00"
2007-05-21,"7,411.00"
2007-05-18,"7,260.00"
2007-05-17,"7,455.00"
2007-05-16,"7,710.00"
2007-05-15,"7,795.50"
2007-05-14,"7,906.00"
2007-05-11,"7,855.00"
2007-05-10,"8,019.00"
2007-05-09,"8,205.00"
2007-05-08,"8,194.50"
2007-05-04,"8,225.00"
2007-05-03,"8,022.00"
2007-05-02,"7,999.00"
2007-05-01,"7,920.00"
2007-04-30,"7,824.50"
2007-04-27,"7,745.00"
2007-04-26,"7,848.00"
2007-04-24,"8,100.00"
2007-04-23,"7,920.00"
2007-04-20,"8,039.50"
2007-04-19,"7,942.00"
2007-04-18,"8,053.00"
2007-04-17,"7,835.00"
2007-04-16,"7,960.50"
2007-04-13,"7,800.50"
2007-04-12,"7,889.50"
2007-04-11,"7,970.50"
2007-04-10,"7,839.00"
2007-04-05,"7,465.00"
