,국제 백금
2020-08-18,971.10
2020-08-17,963.30
2020-08-14,954.40
2020-08-13,978.10
2020-08-12,954.40
2020-08-11,966.60
2020-08-10,997.50
2020-08-07,965.10
2020-08-06,"1,009.60"
2020-08-05,983.40
2020-08-04,949.10
2020-08-03,924.90
2020-07-31,912.20
2020-07-30,905.90
2020-07-29,951.40
2020-07-28,978.60
2020-07-27,958.60
2020-07-24,947.90
2020-07-23,955.10
2020-07-22,949.30
2020-07-21,911.40
2020-07-20,850.70
2020-07-17,841.90
2020-07-16,828.80
2020-07-15,835.00
2020-07-14,828.20
2020-07-13,854.10
2020-07-10,836.60
2020-07-09,836.60
2020-07-08,874.00
2020-07-07,853.80
2020-07-06,827.80
2020-07-02,822.50
2020-07-01,825.30
2020-06-30,840.70
2020-06-29,816.80
2020-06-26,809.90
2020-06-25,802.70
2020-06-24,805.80
2020-06-23,847.60
2020-06-22,845.30
2020-06-19,828.90
2020-06-18,813.80
2020-06-17,839.80
2020-06-16,845.50
2020-06-15,823.30
2020-06-12,820.60
2020-06-11,826.10
2020-06-10,849.50
2020-06-09,862.30
2020-06-08,860.70
2020-06-05,830.10
2020-06-04,862.80
2020-06-03,857.80
2020-06-02,864.60
2020-06-01,897.00
2020-05-29,870.50
2020-05-28,864.00
2020-05-27,874.00
2020-05-26,869.50
2020-05-22,881.70
2020-05-21,861.90
2020-05-20,929.90
2020-05-19,885.00
2020-05-18,864.70
2020-05-15,812.50
2020-05-14,770.40
2020-05-13,765.20
2020-05-12,772.80
2020-05-11,776.70
2020-05-08,784.70
2020-05-07,777.50
2020-05-06,760.90
2020-05-05,780.10
2020-05-04,774.20
2020-05-01,769.90
2020-04-30,809.50
2020-04-29,795.40
2020-04-28,791.40
2020-04-27,773.50
2020-04-24,773.40
2020-04-23,787.60
2020-04-22,764.90
2020-04-21,758.00
2020-04-20,792.00
2020-04-17,781.30
2020-04-16,789.30
2020-04-15,800.60
2020-04-14,815.70
2020-04-13,745.80
2020-04-09,744.60
2020-04-08,729.60
2020-04-07,741.00
2020-04-06,728.00
2020-04-03,714.10
2020-04-02,726.00
2020-04-01,712.30
2020-03-31,724.40
2020-03-30,723.90
2020-03-27,740.30
2020-03-26,737.10
2020-03-25,745.50
2020-03-24,701.70
2020-03-23,627.50
2020-03-20,621.60
2020-03-19,595.90
2020-03-18,604.10
2020-03-17,664.40
2020-03-16,656.70
2020-03-13,743.00
2020-03-12,780.90
2020-03-11,867.30
2020-03-10,868.50
2020-03-09,861.70
2020-03-06,895.30
2020-03-05,864.60
2020-03-04,874.10
2020-03-03,868.20
2020-03-02,858.30
2020-02-28,862.80
2020-02-27,903.60
2020-02-26,912.60
2020-02-25,929.80
2020-02-24,971.70
2020-02-21,973.40
2020-02-20,976.20
2020-02-19,"1,001.70"
2020-02-18,991.30
2020-02-14,966.00
2020-02-13,971.90
2020-02-12,964.50
2020-02-11,970.90
2020-02-10,964.30
2020-02-07,966.60
2020-02-06,964.70
2020-02-05,984.40
2020-02-04,963.40
2020-02-03,968.00
2020-01-31,959.20
2020-01-30,977.10
2020-01-29,970.90
2020-01-28,990.10
2020-01-27,985.90
2020-01-24,"1,005.20"
2020-01-23,"1,001.70"
2020-01-22,"1,015.80"
2020-01-21,"1,002.00"
2020-01-17,"1,019.40"
2020-01-16,995.70
2020-01-15,"1,020.40"
2020-01-14,982.20
2020-01-13,977.30
2020-01-10,981.20
2020-01-09,967.10
2020-01-08,959.00
2020-01-07,966.00
2020-01-06,960.40
2020-01-03,984.50
2020-01-02,978.60
2019-12-31,971.40
2019-12-30,957.70
2019-12-27,950.40
2019-12-26,952.10
2019-12-24,941.30
2019-12-23,936.70
2019-12-20,912.10
2019-12-19,933.50
2019-12-18,933.70
2019-12-17,927.80
2019-12-16,929.30
2019-12-13,926.70
2019-12-12,942.70
2019-12-11,937.40
2019-12-10,920.50
2019-12-09,896.40
2019-12-06,896.80
2019-12-05,898.50
2019-12-04,899.50
2019-12-03,909.20
2019-12-02,897.30
2019-11-29,897.90
2019-11-27,892.90
2019-11-26,909.00
2019-11-25,897.50
2019-11-22,889.80
2019-11-21,914.70
2019-11-20,917.20
2019-11-19,909.10
2019-11-18,892.20
2019-11-15,891.50
2019-11-14,879.80
2019-11-13,871.50
2019-11-12,866.60
2019-11-11,877.30
2019-11-08,889.40
2019-11-07,910.60
2019-11-06,928.30
2019-11-05,926.80
2019-11-04,935.10
2019-11-01,950.30
2019-10-31,930.00
2019-10-30,926.60
2019-10-29,920.90
2019-10-28,915.00
2019-10-25,929.10
2019-10-24,921.60
2019-10-23,918.40
2019-10-22,892.30
2019-10-21,888.50
2019-10-18,892.30
2019-10-17,889.00
2019-10-16,886.50
2019-10-15,884.40
2019-10-14,894.60
2019-10-11,895.50
2019-10-10,903.10
2019-10-09,891.90
2019-10-08,885.30
2019-10-07,883.20
2019-10-04,881.70
2019-10-03,889.00
2019-10-02,888.30
2019-10-01,879.60
2019-09-30,883.40
2019-09-27,931.00
2019-09-26,936.10
2019-09-25,927.90
2019-09-24,953.80
2019-09-23,952.30
2019-09-20,941.80
2019-09-19,941.50
2019-09-18,933.70
2019-09-17,943.30
2019-09-16,938.30
2019-09-13,951.30
2019-09-12,951.70
2019-09-11,938.80
2019-09-10,935.20
2019-09-09,951.10
2019-09-06,956.90
2019-09-05,962.10
2019-09-04,982.60
2019-09-03,953.60
2019-08-30,929.60
2019-08-29,917.50
2019-08-28,906.60
2019-08-27,865.90
2019-08-26,855.00
2019-08-23,852.50
2019-08-22,859.30
2019-08-21,854.10
2019-08-20,850.10
2019-08-19,854.10
2019-08-16,848.80
2019-08-15,839.30
2019-08-14,845.30
2019-08-13,857.00
2019-08-12,861.00
2019-08-09,861.10
2019-08-08,864.80
2019-08-07,868.30
2019-08-06,850.50
2019-08-05,855.20
2019-08-02,850.20
2019-08-01,848.50
2019-07-31,876.10
2019-07-30,869.80
2019-07-29,876.80
2019-07-26,862.70
2019-07-25,868.40
2019-07-24,875.20
2019-07-23,855.80
2019-07-22,847.30
2019-07-19,845.90
2019-07-18,843.70
2019-07-17,841.70
2019-07-16,841.50
2019-07-15,839.50
2019-07-12,828.40
2019-07-11,825.00
2019-07-10,824.10
2019-07-09,809.10
2019-07-08,814.30
2019-07-05,805.20
2019-07-03,837.20
2019-07-02,827.20
2019-07-01,831.10
2019-06-28,835.50
2019-06-27,812.60
2019-06-26,816.60
2019-06-25,809.80
2019-06-24,812.20
2019-06-21,811.50
2019-06-20,804.60
2019-06-19,805.10
2019-06-18,801.40
2019-06-17,793.90
2019-06-14,803.30
2019-06-13,808.00
2019-06-12,809.10
2019-06-11,812.80
2019-06-10,803.70
2019-06-07,804.60
2019-06-06,802.20
2019-06-05,801.10
2019-06-04,817.40
2019-06-03,819.20
2019-05-31,792.60
2019-05-30,792.50
2019-05-29,790.60
2019-05-28,795.00
2019-05-24,800.60
2019-05-23,797.20
2019-05-22,802.80
2019-05-21,812.70
2019-05-20,811.50
2019-05-17,818.40
2019-05-16,830.90
2019-05-15,845.00
2019-05-14,856.50
2019-05-13,852.30
2019-05-10,862.40
2019-05-09,848.60
2019-05-08,861.20
2019-05-07,870.20
2019-05-06,877.70
2019-05-03,871.60
2019-05-02,851.00
2019-05-01,874.20
2019-04-30,888.10
2019-04-29,897.70
2019-04-26,898.90
2019-04-25,885.80
2019-04-24,883.90
2019-04-23,889.10
2019-04-22,897.50
2019-04-18,899.80
2019-04-17,886.80
2019-04-16,880.20
2019-04-15,890.20
2019-04-12,893.20
2019-04-11,890.30
2019-04-10,903.20
2019-04-09,893.90
2019-04-08,907.60
2019-04-05,901.00
2019-04-04,900.00
2019-04-03,869.40
2019-04-02,848.20
2019-04-01,850.10
2019-03-29,848.90
2019-03-28,838.20
2019-03-27,856.50
2019-03-26,859.80
2019-03-25,856.50
2019-03-22,847.20
2019-03-21,859.70
2019-03-20,858.20
2019-03-19,851.20
2019-03-18,832.60
2019-03-15,830.30
2019-03-14,825.60
2019-03-13,840.80
2019-03-12,831.00
2019-03-11,815.20
2019-03-08,816.00
2019-03-07,815.30
2019-03-06,826.20
2019-03-05,835.90
2019-03-04,836.80
2019-03-01,861.60
2019-02-28,873.00
2019-02-27,867.80
2019-02-26,857.00
2019-02-25,850.00
2019-02-22,842.20
2019-02-21,822.60
2019-02-20,830.50
2019-02-19,817.30
2019-02-15,803.40
2019-02-14,785.70
2019-02-13,788.00
2019-02-12,785.70
2019-02-11,782.70
2019-02-08,799.30
2019-02-07,793.30
2019-02-06,809.80
2019-02-05,815.80
2019-02-04,818.70
2019-02-01,822.60
2019-01-31,820.50
2019-01-29,809.90
2019-01-28,809.70
2019-01-25,813.50
2019-01-24,799.00
2019-01-23,792.30
2019-01-22,786.50
2019-01-18,797.80
2019-01-17,807.80
2019-01-16,803.40
2019-01-15,795.60
2019-01-14,798.80
2019-01-11,813.00
2019-01-10,821.30
2019-01-09,820.00
2019-01-08,816.50
2019-01-07,818.40
2019-01-04,822.00
2019-01-03,794.50
2019-01-02,799.10
2018-12-31,795.90
2018-12-28,789.60
2018-12-27,795.50
2018-12-26,799.50
2018-12-24,788.80
2018-12-21,794.60
2018-12-20,794.60
2018-12-19,794.60
2018-12-18,793.00
2018-12-17,794.10
2018-12-14,783.50
2018-12-13,795.70
2018-12-12,805.30
2018-12-11,783.70
2018-12-10,780.30
2018-12-07,788.60
2018-12-06,787.80
2018-12-05,800.20
2018-12-04,802.40
2018-12-03,808.90
2018-11-30,798.00
2018-11-29,819.10
2018-11-28,824.20
2018-11-27,833.20
2018-11-26,845.70
2018-11-23,842.90
2018-11-21,848.10
2018-11-20,844.90
2018-11-19,855.50
2018-11-16,843.60
2018-11-15,842.30
2018-11-14,830.80
2018-11-13,837.10
2018-11-12,841.70
2018-11-09,852.40
2018-11-08,866.70
2018-11-07,875.10
2018-11-06,867.70
2018-11-05,865.00
2018-11-02,871.90
2018-11-01,858.30
2018-10-31,839.40
2018-10-30,834.60
2018-10-29,832.00
2018-10-26,829.50
2018-10-25,828.70
2018-10-24,828.70
2018-10-23,832.40
2018-10-22,819.00
2018-10-19,832.30
2018-10-18,827.80
2018-10-17,836.90
2018-10-16,843.10
2018-10-15,842.50
2018-10-12,836.20
2018-10-11,842.80
2018-10-10,824.10
2018-10-09,825.60
2018-10-08,814.10
2018-10-05,821.10
2018-10-04,821.00
2018-10-03,832.20
2018-10-02,830.10
2018-10-01,824.00
2018-09-28,818.70
2018-09-27,810.30
2018-09-26,824.50
2018-09-25,821.80
2018-09-24,828.20
2018-09-21,828.50
2018-09-20,833.10
2018-09-19,820.70
2018-09-18,813.70
2018-09-17,799.70
2018-09-14,797.40
2018-09-13,802.10
2018-09-12,798.70
2018-09-11,788.10
2018-09-10,788.80
2018-09-07,779.20
2018-09-06,789.70
2018-09-05,783.10
2018-09-04,777.00
2018-08-31,785.90
2018-08-30,790.50
2018-08-29,794.80
2018-08-28,793.50
2018-08-27,801.20
2018-08-24,786.40
2018-08-23,775.20
2018-08-22,790.50
2018-08-21,789.80
2018-08-20,790.70
2018-08-17,774.10
2018-08-16,781.30
2018-08-15,768.70
2018-08-14,798.50
2018-08-13,794.60
2018-08-10,824.80
2018-08-09,829.30
2018-08-08,824.70
2018-08-07,826.60
2018-08-06,821.50
2018-08-03,832.10
2018-08-02,823.40
2018-08-01,812.40
2018-07-31,840.90
2018-07-30,826.60
2018-07-27,826.40
2018-07-26,832.40
2018-07-25,833.80
2018-07-24,829.60
2018-07-23,825.80
2018-07-20,823.60
2018-07-19,800.60
2018-07-18,813.70
2018-07-17,815.80
2018-07-16,822.30
2018-07-13,826.20
2018-07-12,842.30
2018-07-11,831.00
2018-07-10,842.00
2018-07-09,849.00
2018-07-06,844.20
2018-07-05,837.10
2018-07-03,841.80
2018-07-02,809.00
2018-06-29,852.40
2018-06-28,850.30
2018-06-27,858.30
2018-06-26,869.30
2018-06-25,866.80
2018-06-22,871.30
2018-06-21,861.20
2018-06-20,872.10
2018-06-19,862.90
2018-06-18,881.90
2018-06-15,885.80
2018-06-14,908.90
2018-06-13,900.50
2018-06-12,899.50
2018-06-11,904.40
2018-06-08,903.70
2018-06-07,898.30
2018-06-06,905.60
2018-06-05,899.30
2018-06-04,901.50
2018-06-01,904.70
2018-05-31,908.10
2018-05-30,906.50
2018-05-29,903.80
2018-05-25,898.20
2018-05-24,909.50
2018-05-23,897.70
2018-05-22,905.70
2018-05-21,896.70
2018-05-18,883.40
2018-05-17,889.00
2018-05-16,886.50
2018-05-15,893.80
2018-05-14,911.50
2018-05-11,922.40
2018-05-10,920.50
2018-05-09,911.60
2018-05-08,907.10
2018-05-07,908.00
2018-05-04,905.00
2018-05-03,898.70
2018-05-02,888.50
2018-05-01,888.80
2018-04-30,899.00
2018-04-27,911.00
2018-04-26,904.70
2018-04-25,906.60
2018-04-24,928.90
2018-04-23,916.30
2018-04-20,925.60
2018-04-19,933.70
2018-04-18,939.50
2018-04-17,933.90
2018-04-16,925.70
2018-04-13,927.30
2018-04-12,929.00
2018-04-11,928.80
2018-04-10,927.60
2018-04-09,933.90
2018-04-06,912.00
2018-04-05,909.80
2018-04-04,912.10
2018-04-03,925.30
2018-04-02,930.70
2018-03-29,927.30
2018-03-28,934.70
2018-03-27,946.70
2018-03-26,948.90
2018-03-23,946.90
2018-03-22,947.60
2018-03-21,949.10
2018-03-20,943.50
2018-03-19,952.90
2018-03-16,948.70
2018-03-15,955.40
2018-03-14,960.00
2018-03-13,965.80
2018-03-12,961.40
2018-03-09,962.70
2018-03-08,950.80
2018-03-07,951.70
2018-03-06,969.10
2018-03-05,960.60
2018-03-02,963.60
2018-03-01,956.30
2018-02-28,986.60
2018-02-27,983.10
2018-02-26,998.80
2018-02-23,995.80
2018-02-22,996.40
2018-02-21,993.60
2018-02-20,"1,001.00"
2018-02-16,"1,009.30"
2018-02-15,998.10
2018-02-14,996.10
2018-02-13,972.70
2018-02-12,969.80
2018-02-09,958.50
2018-02-08,975.40
2018-02-07,978.70
2018-02-06,991.30
2018-02-05,992.50
2018-02-02,996.40
2018-02-01,"1,004.80"
2018-01-31,"1,001.30"
2018-01-30,997.40
2018-01-29,"1,009.00"
2018-01-26,"1,015.00"
2018-01-25,"1,029.30"
2018-01-24,"1,013.30"
2018-01-23,"1,005.30"
2018-01-22,994.30
2018-01-19,"1,016.20"
2018-01-18,"1,005.00"
2018-01-17,"1,006.20"
2018-01-16,"1,000.20"
2018-01-12,991.20
2018-01-11,986.90
2018-01-10,974.40
2018-01-09,967.90
2018-01-08,972.30
2018-01-05,971.20
2018-01-04,966.10
2018-01-03,957.80
2018-01-02,943.80
2017-12-29,934.20
2017-12-28,926.90
2017-12-27,922.80
2017-12-26,922.60
2017-12-22,922.10
2017-12-21,918.80
2017-12-20,920.60
2017-12-19,913.20
2017-12-18,912.30
2017-12-15,888.50
2017-12-14,880.30
2017-12-13,874.50
2017-12-12,874.80
2017-12-11,891.90
2017-12-08,882.80
2017-12-07,893.60
2017-12-06,901.90
2017-12-05,916.30
2017-12-04,924.80
2017-12-01,939.40
2017-11-30,941.30
2017-11-29,940.00
2017-11-28,950.10
2017-11-27,947.90
2017-11-24,942.30
2017-11-22,937.60
2017-11-21,934.80
2017-11-20,920.40
2017-11-17,951.40
2017-11-16,933.00
2017-11-15,929.90
2017-11-14,924.10
2017-11-13,932.40
2017-11-10,928.90
2017-11-09,937.30
2017-11-08,934.60
2017-11-07,922.10
2017-11-06,931.00
2017-11-03,918.50
2017-11-02,924.10
2017-11-01,933.00
2017-10-31,915.80
2017-10-30,918.90
2017-10-27,910.90
2017-10-26,918.60
2017-10-25,924.00
2017-10-24,922.80
2017-10-23,924.50
2017-10-20,924.10
2017-10-19,923.20
2017-10-18,921.90
2017-10-17,932.10
2017-10-16,939.40
2017-10-13,945.20
2017-10-12,939.10
2017-10-11,930.40
2017-10-10,933.10
2017-10-09,914.40
2017-10-06,912.90
2017-10-05,914.20
2017-10-04,910.60
2017-10-03,911.10
2017-10-02,911.60
2017-09-29,910.30
2017-09-28,921.00
2017-09-27,921.30
2017-09-26,924.50
2017-09-25,940.00
2017-09-22,931.80
2017-09-21,939.40
2017-09-20,944.90
2017-09-19,950.40
2017-09-18,960.30
2017-09-15,971.00
2017-09-14,980.10
2017-09-13,982.30
2017-09-12,985.60
2017-09-11,997.90
2017-09-08,"1,011.10"
2017-09-07,"1,015.30"
2017-09-06,"1,005.60"
2017-09-05,"1,007.40"
2017-09-01,"1,007.30"
2017-08-31,996.80
2017-08-30,993.50
2017-08-29,"1,000.70"
2017-08-28,986.50
2017-08-25,976.30
2017-08-24,979.80
2017-08-23,978.10
2017-08-22,978.50
2017-08-21,982.70
2017-08-18,979.60
2017-08-17,978.90
2017-08-16,972.00
2017-08-15,964.90
2017-08-14,972.40
2017-08-11,987.20
2017-08-10,983.40
2017-08-09,973.30
2017-08-08,971.70
2017-08-07,968.60
2017-08-04,966.00
2017-08-03,961.60
2017-08-02,950.80
2017-08-01,946.50
2017-07-31,937.70
2017-07-28,933.20
2017-07-27,923.20
2017-07-26,919.50
2017-07-25,928.90
2017-07-24,929.40
2017-07-21,934.70
2017-07-20,930.50
2017-07-19,921.60
2017-07-18,927.70
2017-07-17,927.60
2017-07-14,920.90
2017-07-13,904.50
2017-07-12,916.30
2017-07-11,896.00
2017-07-10,899.30
2017-07-07,901.10
2017-07-06,907.20
2017-07-05,905.70
2017-07-03,903.80
2017-06-30,923.70
2017-06-29,919.00
2017-06-28,920.70
2017-06-27,917.80
2017-06-26,915.70
2017-06-23,928.50
2017-06-22,924.70
2017-06-21,926.10
2017-06-20,920.60
2017-06-19,926.00
2017-06-16,925.90
2017-06-15,920.30
2017-06-14,950.70
2017-06-13,923.00
2017-06-12,943.30
2017-06-09,939.10
2017-06-08,936.90
2017-06-07,946.40
2017-06-06,962.10
2017-06-05,956.30
2017-06-02,951.70
2017-06-01,927.30
2017-05-31,948.50
2017-05-30,939.30
2017-05-26,959.80
2017-05-25,949.80
2017-05-24,944.60
2017-05-23,946.90
2017-05-22,947.80
2017-05-19,937.70
2017-05-18,934.30
2017-05-17,943.60
2017-05-16,934.50
2017-05-15,926.20
2017-05-12,915.00
2017-05-11,915.20
2017-05-10,907.40
2017-05-09,898.40
2017-05-08,917.10
2017-05-05,907.70
2017-05-04,905.30
2017-05-03,902.00
2017-05-02,923.60
2017-05-01,929.80
2017-04-28,946.30
2017-04-27,946.40
2017-04-26,945.90
2017-04-25,954.60
2017-04-24,957.20
2017-04-21,974.50
2017-04-20,978.00
2017-04-19,967.50
2017-04-18,975.80
2017-04-17,987.50
2017-04-13,973.70
2017-04-12,964.90
2017-04-11,965.90
2017-04-10,937.50
2017-04-07,959.00
2017-04-06,955.70
2017-04-05,956.40
2017-04-04,961.20
2017-04-03,954.70
2017-03-31,948.20
2017-03-30,951.60
2017-03-29,952.10
2017-03-28,956.90
2017-03-27,968.40
2017-03-24,967.20
2017-03-23,963.10
2017-03-22,961.10
2017-03-21,970.60
2017-03-20,971.40
2017-03-17,962.00
2017-03-16,957.30
2017-03-15,935.60
2017-03-14,937.70
2017-03-13,939.90
2017-03-10,936.90
2017-03-09,935.90
2017-03-08,948.20
2017-03-07,959.60
2017-03-06,976.70
2017-03-03,992.60
2017-03-02,988.40
2017-03-01,"1,017.40"
2017-02-28,"1,029.50"
2017-02-27,"1,037.40"
2017-02-24,"1,026.50"
2017-02-23,"1,009.80"
2017-02-22,"1,000.50"
2017-02-21,"1,003.50"
2017-02-17,"1,003.50"
2017-02-16,"1,013.00"
2017-02-15,"1,007.80"
2017-02-14,"1,000.10"
2017-02-13,998.20
2017-02-10,"1,008.80"
2017-02-09,"1,019.20"
2017-02-08,"1,016.40"
2017-02-07,"1,009.50"
2017-02-06,"1,010.60"
2017-02-03,"1,003.20"
2017-02-02,996.10
2017-02-01,996.30
2017-01-31,993.00
2017-01-30,989.80
2017-01-27,979.40
2017-01-26,977.90
2017-01-25,978.00
2017-01-24,"1,003.80"
2017-01-23,976.10
2017-01-20,972.20
2017-01-19,952.80
2017-01-18,968.00
2017-01-17,979.10
2017-01-13,982.40
2017-01-12,980.90
2017-01-11,972.20
2017-01-10,978.40
2017-01-09,978.50
2017-01-06,966.50
2017-01-05,972.10
2017-01-04,943.30
2017-01-03,939.30
2017-01-02,901.60
2016-12-30,901.60
2016-12-29,897.80
2016-12-28,898.80
2016-12-27,903.30
2016-12-23,892.40
2016-12-22,906.40
2016-12-21,913.30
2016-12-20,922.90
2016-12-19,916.20
2016-12-16,933.00
2016-12-15,892.40
2016-12-14,939.60
2016-12-13,935.50
2016-12-12,932.50
2016-12-09,913.70
2016-12-08,942.40
2016-12-07,941.70
2016-12-06,934.10
2016-12-05,937.00
2016-12-02,931.00
2016-12-01,909.60
2016-11-30,908.10
2016-11-29,921.30
2016-11-28,921.30
2016-11-25,906.80
2016-11-23,929.60
2016-11-22,941.40
2016-11-21,933.70
2016-11-18,919.50
2016-11-17,942.60
2016-11-16,944.50
2016-11-15,932.80
2016-11-14,931.70
2016-11-11,941.00
2016-11-10,979.50
2016-11-09,"1,000.50"
2016-11-08,"1,005.80"
2016-11-07,998.60
2016-11-04,"1,001.70"
2016-11-03,991.60
2016-11-02,998.20
2016-11-01,995.10
2016-10-31,975.80
2016-10-28,978.20
2016-10-27,961.70
2016-10-26,960.50
2016-10-25,961.90
2016-10-24,935.40
2016-10-21,928.60
2016-10-20,931.20
2016-10-19,940.10
2016-10-18,943.00
2016-10-17,936.20
2016-10-14,939.50
2016-10-13,932.90
2016-10-12,941.90
2016-10-11,949.80
2016-10-10,965.40
2016-10-07,962.60
2016-10-06,966.30
2016-10-05,976.60
2016-10-04,990.50
2016-10-03,"1,009.10"
2016-09-30,"1,034.50"
2016-09-29,"1,037.20"
2016-09-28,"1,027.00"
2016-09-27,"1,029.30"
2016-09-26,"1,046.70"
2016-09-23,"1,060.90"
2016-09-22,"1,066.50"
2016-09-21,"1,051.50"
2016-09-20,"1,034.40"
2016-09-19,"1,027.00"
2016-09-16,"1,020.70"
2016-09-15,"1,037.00"
2016-09-14,"1,044.20"
2016-09-13,"1,039.60"
2016-09-12,"1,046.40"
2016-09-09,"1,070.90"
2016-09-08,"1,088.00"
2016-09-07,"1,095.80"
2016-09-06,"1,105.50"
2016-09-02,"1,064.90"
2016-09-01,"1,051.50"
2016-08-31,"1,056.10"
2016-08-30,"1,059.20"
2016-08-29,"1,083.50"
2016-08-26,"1,080.20"
2016-08-25,"1,079.50"
2016-08-24,"1,084.70"
2016-08-23,"1,113.90"
2016-08-22,"1,110.70"
2016-08-19,"1,120.80"
2016-08-18,"1,135.60"
2016-08-17,"1,117.00"
2016-08-16,"1,126.60"
2016-08-15,"1,118.70"
2016-08-12,"1,131.70"
2016-08-11,"1,159.00"
2016-08-10,"1,185.40"
2016-08-09,"1,162.10"
2016-08-08,"1,157.40"
2016-08-05,"1,153.50"
2016-08-04,"1,167.10"
2016-08-03,"1,171.60"
2016-08-02,"1,174.30"
2016-08-01,"1,165.50"
2016-07-29,"1,152.70"
2016-07-28,"1,140.80"
2016-07-27,"1,130.10"
2016-07-26,"1,101.00"
2016-07-25,"1,090.50"
2016-07-22,"1,090.80"
2016-07-21,"1,110.20"
2016-07-20,"1,093.80"
2016-07-19,"1,100.90"
2016-07-18,"1,103.90"
2016-07-15,"1,096.70"
2016-07-14,"1,107.00"
2016-07-13,"1,102.50"
2016-07-12,"1,100.30"
2016-07-11,"1,110.50"
2016-07-08,"1,102.70"
2016-07-07,"1,097.60"
2016-07-06,"1,093.60"
2016-07-05,"1,079.30"
2016-07-01,"1,059.30"
2016-06-30,"1,026.40"
2016-06-29,"1,016.00"
2016-06-28,982.80
2016-06-27,983.10
2016-06-24,990.80
2016-06-23,970.60
2016-06-22,987.70
2016-06-21,986.20
2016-06-20,991.40
2016-06-17,970.40
2016-06-16,982.40
2016-06-15,979.40
2016-06-14,976.40
2016-06-13,999.60
2016-06-10,998.20
2016-06-09,"1,007.70"
2016-06-08,"1,015.90"
2016-06-07,"1,003.30"
2016-06-06,"1,000.00"
2016-06-03,985.30
2016-06-02,963.70
2016-06-01,975.40
2016-05-31,983.90
2016-05-27,985.60
2016-05-26,999.10
2016-05-25,998.40
2016-05-24,"1,007.70"
2016-05-23,"1,016.50"
2016-05-20,"1,026.40"
2016-05-19,"1,016.20"
2016-05-18,"1,045.40"
2016-05-17,"1,057.50"
2016-05-16,"1,056.50"
2016-05-13,"1,055.30"
2016-05-12,"1,057.10"
2016-05-11,"1,069.20"
2016-05-10,"1,052.60"
2016-05-09,"1,050.00"
2016-05-06,"1,088.40"
2016-05-05,"1,067.00"
2016-05-04,"1,058.80"
2016-05-03,"1,074.90"
2016-05-02,"1,089.70"
2016-04-29,"1,081.70"
2016-04-28,"1,053.90"
2016-04-27,"1,028.80"
2016-04-26,"1,023.50"
2016-04-25,"1,021.90"
2016-04-22,"1,014.60"
2016-04-21,"1,035.20"
2016-04-20,"1,031.10"
2016-04-19,"1,018.70"
2016-04-18,980.80
2016-04-15,992.90
2016-04-14,995.90
2016-04-13,"1,006.10"
2016-04-12,"1,002.80"
2016-04-11,993.80
2016-04-08,971.40
2016-04-07,957.70
2016-04-06,947.70
2016-04-05,954.60
2016-04-04,946.60
2016-04-01,958.40
2016-03-31,980.60
2016-03-30,969.10
2016-03-29,969.90
2016-03-28,944.20
2016-03-24,951.90
2016-03-23,960.30
2016-03-22,996.30
2016-03-21,981.30
2016-03-18,970.00
2016-03-17,988.60
2016-03-16,958.20
2016-03-15,959.30
2016-03-14,964.90
2016-03-11,969.20
2016-03-10,977.20
2016-03-09,982.30
2016-03-08,988.90
2016-03-07,"1,001.50"
2016-03-04,985.80
2016-03-03,942.20
2016-03-02,935.70
2016-03-01,936.10
2016-02-29,933.70
2016-02-26,914.50
2016-02-25,926.50
2016-02-24,943.40
2016-02-23,942.70
2016-02-22,926.80
2016-02-19,944.60
2016-02-18,944.70
2016-02-17,948.80
2016-02-16,936.70
2016-02-15,954.00
2016-02-12,957.30
2016-02-11,962.40
2016-02-10,933.30
2016-02-09,937.70
2016-02-08,927.00
2016-02-05,902.00
2016-02-04,904.40
2016-02-03,878.80
2016-02-02,854.40
2016-02-01,868.80
2016-01-29,872.30
2016-01-28,865.90
2016-01-27,880.10
2016-01-26,875.20
2016-01-25,859.70
2016-01-22,829.70
2016-01-21,818.10
2016-01-20,817.90
2016-01-19,828.70
2016-01-18,826.30
2016-01-15,825.70
2016-01-14,834.00
2016-01-13,850.20
2016-01-12,837.50
2016-01-11,845.00
2016-01-08,877.10
2016-01-07,876.40
2016-01-06,873.70
2016-01-05,888.60
2016-01-04,883.20
2015-12-31,891.70
2015-12-30,871.10
2015-12-29,891.20
2015-12-28,880.80
2015-12-24,884.20
2015-12-23,868.10
2015-12-22,873.00
2015-12-21,881.30
2015-12-18,860.80
2015-12-17,844.70
2015-12-16,876.00
2015-12-15,855.80
2015-12-14,850.20
2015-12-11,843.70
2015-12-10,855.90
2015-12-09,865.80
2015-12-08,846.50
2015-12-07,863.20
2015-12-04,880.60
2015-12-03,847.50
2015-12-02,832.40
2015-12-01,835.40
2015-11-30,832.90
2015-11-27,835.80
2015-11-26,853.30
2015-11-25,843.90
2015-11-24,841.70
2015-11-23,847.40
2015-11-20,855.90
2015-11-19,858.10
2015-11-18,848.00
2015-11-17,855.00
2015-11-16,865.50
2015-11-13,863.70
2015-11-12,876.90
2015-11-11,883.10
2015-11-10,899.50
2015-11-09,914.40
2015-11-06,940.00
2015-11-05,953.10
2015-11-04,954.80
2015-11-03,962.20
2015-11-02,978.40
2015-10-30,989.10
2015-10-29,993.30
2015-10-28,"1,012.80"
2015-10-27,989.20
2015-10-26,997.50
2015-10-23,"1,001.70"
2015-10-22,"1,012.90"
2015-10-21,"1,007.10"
2015-10-20,"1,020.10"
2015-10-19,"1,014.60"
2015-10-16,"1,023.70"
2015-10-15,"1,007.00"
2015-10-14,995.40
2015-10-13,992.60
2015-10-12,995.90
2015-10-09,981.40
2015-10-08,955.60
2015-10-07,946.40
2015-10-06,934.70
2015-10-05,912.90
2015-10-02,909.50
2015-10-01,905.20
2015-09-30,909.10
2015-09-29,918.10
2015-09-28,922.50
2015-09-25,951.30
2015-09-24,955.10
2015-09-23,932.00
2015-09-22,937.30
2015-09-21,973.70
2015-09-18,984.50
2015-09-17,968.30
2015-09-16,975.30
2015-09-15,958.40
2015-09-14,955.90
2015-09-11,965.60
2015-09-10,982.00
2015-09-09,982.00
2015-09-08,"1,003.60"
2015-09-07,987.20
2015-09-04,993.00
2015-09-03,"1,010.50"
2015-09-02,"1,014.20"
2015-09-01,"1,008.90"
2015-08-31,"1,011.00"
2015-08-28,"1,022.10"
2015-08-27,"1,006.30"
2015-08-26,980.50
2015-08-25,977.10
2015-08-24,992.00
2015-08-21,"1,027.60"
2015-08-20,"1,035.40"
2015-08-19,"1,013.60"
2015-08-18,994.90
2015-08-17,"1,001.60"
2015-08-14,995.00
2015-08-13,996.10
2015-08-12,"1,000.90"
2015-08-11,993.50
2015-08-10,990.90
2015-08-07,963.30
2015-08-06,957.20
2015-08-05,952.00
2015-08-04,959.80
2015-08-03,968.30
2015-07-31,986.20
2015-07-30,991.20
2015-07-29,986.30
2015-07-28,987.90
2015-07-27,990.40
2015-07-24,982.30
2015-07-23,982.60
2015-07-22,981.40
2015-07-21,986.00
2015-07-20,990.30
2015-07-17,"1,003.00"
2015-07-16,"1,013.30"
2015-07-15,"1,023.40"
2015-07-14,"1,030.10"
2015-07-13,"1,037.80"
2015-07-10,"1,034.00"
2015-07-09,"1,024.10"
2015-07-08,"1,037.60"
2015-07-07,"1,043.10"
2015-07-06,"1,067.80"
2015-07-03,"1,084.30"
2015-07-02,"1,085.40"
2015-07-01,"1,089.20"
2015-06-30,"1,081.00"
2015-06-29,"1,083.70"
2015-06-26,"1,082.00"
2015-06-25,"1,085.10"
2015-06-24,"1,075.90"
2015-06-23,"1,069.80"
2015-06-22,"1,063.30"
2015-06-19,"1,089.80"
2015-06-18,"1,085.60"
2015-06-17,"1,075.40"
2015-06-16,"1,082.30"
2015-06-15,"1,091.00"
2015-06-12,"1,099.60"
2015-06-11,"1,108.50"
2015-06-10,"1,118.60"
2015-06-09,"1,111.90"
2015-06-08,"1,104.30"
2015-06-05,"1,094.80"
2015-06-04,"1,102.00"
2015-06-03,"1,106.80"
2015-06-02,"1,115.70"
2015-06-01,"1,107.00"
2015-05-29,"1,114.30"
2015-05-28,"1,119.00"
2015-05-27,"1,121.50"
2015-05-26,"1,126.70"
2015-05-25,"1,149.50"
2015-05-22,"1,151.30"
2015-05-21,"1,154.90"
2015-05-20,"1,159.50"
2015-05-19,"1,153.50"
2015-05-18,"1,181.10"
2015-05-15,"1,171.40"
2015-05-14,"1,165.00"
2015-05-13,"1,153.60"
2015-05-12,"1,135.60"
2015-05-11,"1,130.80"
2015-05-08,"1,146.90"
2015-05-07,"1,135.00"
2015-05-06,"1,146.20"
2015-05-05,"1,152.20"
2015-05-04,"1,154.30"
2015-05-01,"1,133.00"
2015-04-30,"1,143.80"
2015-04-29,"1,164.80"
2015-04-28,"1,162.00"
2015-04-27,"1,152.70"
2015-04-24,"1,120.40"
2015-04-23,"1,136.20"
2015-04-22,"1,129.70"
2015-04-21,"1,151.80"
2015-04-20,"1,148.10"
2015-04-17,"1,166.80"
2015-04-16,"1,158.50"
2015-04-15,"1,155.90"
2015-04-14,"1,153.70"
2015-04-13,"1,153.50"
2015-04-10,"1,170.00"
2015-04-09,"1,156.40"
2015-04-08,"1,165.50"
2015-04-07,"1,173.30"
2015-04-06,"1,179.90"
2015-04-02,"1,153.80"
2015-04-01,"1,165.20"
2015-03-31,"1,142.60"
2015-03-30,"1,116.90"
2015-03-27,"1,143.60"
2015-03-26,"1,155.00"
2015-03-25,"1,146.50"
2015-03-24,"1,142.50"
2015-03-23,"1,145.50"
2015-03-20,"1,142.20"
2015-03-19,"1,120.80"
2015-03-18,"1,093.60"
2015-03-17,"1,094.70"
2015-03-16,"1,108.90"
2015-03-13,"1,116.20"
2015-03-12,"1,115.90"
2015-03-11,"1,116.40"
2015-03-10,"1,130.50"
2015-03-09,"1,149.70"
2015-03-06,"1,159.90"
2015-03-05,"1,181.20"
2015-03-04,"1,182.80"
2015-03-03,"1,190.70"
2015-03-02,"1,191.00"
2015-02-27,"1,186.70"
2015-02-26,"1,174.70"
2015-02-25,"1,169.90"
2015-02-24,"1,166.60"
2015-02-23,"1,166.30"
2015-02-20,"1,172.90"
2015-02-19,"1,175.80"
2015-02-18,"1,170.20"
2015-02-17,"1,180.00"
2015-02-16,"1,210.90"
2015-02-13,"1,210.50"
2015-02-12,"1,203.50"
2015-02-11,"1,197.60"
2015-02-10,"1,209.30"
2015-02-09,"1,222.40"
2015-02-06,"1,223.60"
2015-02-05,"1,251.70"
2015-02-04,"1,240.90"
2015-02-03,"1,237.20"
2015-02-02,"1,230.40"
2015-01-30,"1,239.20"
2015-01-29,"1,216.80"
2015-01-28,"1,257.60"
2015-01-27,"1,266.30"
2015-01-26,"1,254.70"
2015-01-23,"1,268.00"
2015-01-22,"1,284.00"
2015-01-21,"1,277.30"
2015-01-20,"1,287.00"
2015-01-19,"1,264.00"
2015-01-16,"1,269.80"
2015-01-15,"1,262.10"
2015-01-14,"1,238.40"
2015-01-13,"1,247.40"
2015-01-12,"1,240.40"
2015-01-09,"1,229.10"
2015-01-08,"1,221.70"
2015-01-07,"1,220.70"
2015-01-06,"1,220.80"
2015-01-05,"1,210.10"
2015-01-02,"1,203.00"
2014-12-31,"1,208.90"
2014-12-30,"1,218.10"
2014-12-29,"1,201.70"
2014-12-26,"1,218.10"
2014-12-24,"1,190.70"
2014-12-23,"1,191.30"
2014-12-22,"1,181.70"
2014-12-19,"1,196.50"
2014-12-18,"1,196.60"
2014-12-17,"1,199.00"
2014-12-16,"1,196.00"
2014-12-15,"1,214.40"
2014-12-12,"1,231.00"
2014-12-11,"1,241.70"
2014-12-10,"1,242.10"
2014-12-09,"1,246.30"
2014-12-08,"1,228.90"
2014-12-05,"1,219.00"
2014-12-04,"1,245.40"
2014-12-03,"1,227.00"
2014-12-02,"1,216.60"
2014-12-01,"1,240.70"
2014-11-28,"1,210.40"
2014-11-26,"1,227.50"
2014-11-25,"1,223.60"
2014-11-24,"1,208.00"
2014-11-21,"1,227.80"
2014-11-20,"1,206.10"
2014-11-19,"1,199.80"
2014-11-18,"1,205.10"
2014-11-17,"1,201.80"
2014-11-14,"1,213.60"
2014-11-13,"1,199.50"
2014-11-12,"1,205.80"
2014-11-11,"1,207.20"
2014-11-10,"1,207.40"
2014-11-07,"1,213.30"
2014-11-06,"1,198.00"
2014-11-05,"1,211.50"
2014-11-04,"1,225.60"
2014-11-03,"1,243.70"
2014-10-31,"1,236.20"
2014-10-30,"1,246.90"
2014-10-29,"1,270.00"
2014-10-28,"1,267.10"
2014-10-27,"1,255.20"
2014-10-24,"1,251.40"
2014-10-23,"1,255.50"
2014-10-22,"1,271.60"
2014-10-21,"1,283.70"
2014-10-20,"1,267.90"
2014-10-17,"1,262.00"
2014-10-16,"1,252.40"
2014-10-15,"1,261.40"
2014-10-14,"1,272.30"
2014-10-13,"1,260.70"
2014-10-10,"1,261.10"
2014-10-09,"1,277.80"
2014-10-08,"1,266.10"
2014-10-07,"1,261.10"
2014-10-06,"1,248.40"
2014-10-03,"1,226.00"
2014-10-02,"1,269.10"
2014-10-01,"1,287.70"
2014-09-30,"1,298.50"
2014-09-29,"1,307.80"
2014-09-26,"1,302.00"
2014-09-25,"1,314.20"
2014-09-24,"1,320.90"
2014-09-23,"1,334.20"
2014-09-22,"1,331.70"
2014-09-19,"1,338.80"
2014-09-18,"1,351.00"
2014-09-17,"1,363.70"
2014-09-16,"1,368.80"
2014-09-15,"1,365.00"
2014-09-12,"1,372.00"
2014-09-11,"1,372.20"
2014-09-10,"1,382.50"
2014-09-09,"1,387.30"
2014-09-08,"1,399.00"
2014-09-05,"1,412.50"
2014-09-04,"1,409.80"
2014-09-03,"1,414.00"
2014-09-02,"1,410.40"
2014-09-01,"1,423.40"
2014-08-29,"1,426.70"
2014-08-28,"1,427.20"
2014-08-27,"1,421.90"
2014-08-26,"1,421.60"
2014-08-25,"1,420.40"
2014-08-22,"1,420.50"
2014-08-21,"1,419.30"
2014-08-20,"1,427.70"
2014-08-19,"1,437.50"
2014-08-18,"1,443.20"
2014-08-15,"1,458.20"
2014-08-14,"1,470.20"
2014-08-13,"1,470.90"
2014-08-12,"1,473.20"
2014-08-11,"1,472.60"
2014-08-08,"1,481.30"
2014-08-07,"1,483.00"
2014-08-06,"1,466.70"
2014-08-05,"1,457.40"
2014-08-04,"1,468.10"
2014-08-01,"1,463.80"
2014-07-31,"1,465.70"
2014-07-30,"1,483.40"
2014-07-29,"1,483.20"
2014-07-28,"1,489.40"
2014-07-25,"1,477.60"
2014-07-24,"1,472.70"
2014-07-23,"1,485.00"
2014-07-22,"1,487.60"
2014-07-21,"1,492.70"
2014-07-18,"1,489.20"
2014-07-17,"1,503.00"
2014-07-16,"1,485.00"
2014-07-15,"1,484.30"
2014-07-14,"1,492.30"
2014-07-11,"1,512.30"
2014-07-10,"1,516.00"
2014-07-09,"1,505.90"
2014-07-08,"1,495.40"
2014-07-07,"1,494.90"
2014-07-04,"1,503.30"
2014-07-03,"1,506.10"
2014-07-02,"1,509.70"
2014-07-01,"1,513.50"
2014-06-30,"1,481.00"
2014-06-27,"1,478.50"
2014-06-26,"1,470.10"
2014-06-25,"1,475.20"
2014-06-24,"1,473.90"
2014-06-23,"1,458.60"
2014-06-20,"1,459.30"
2014-06-19,"1,476.50"
2014-06-18,"1,452.80"
2014-06-17,"1,445.10"
2014-06-16,"1,441.10"
2014-06-13,"1,437.00"
2014-06-12,"1,443.30"
2014-06-11,"1,483.10"
2014-06-10,"1,484.20"
2014-06-09,"1,456.30"
2014-06-06,"1,455.00"
2014-06-05,"1,447.10"
2014-06-04,"1,435.90"
2014-06-03,"1,435.50"
2014-06-02,"1,438.70"
2014-05-30,"1,454.70"
2014-05-29,"1,462.10"
2014-05-28,"1,465.40"
2014-05-27,"1,464.70"
2014-05-26,"1,483.00"
2014-05-23,"1,475.20"
2014-05-22,"1,495.50"
2014-05-21,"1,482.30"
2014-05-20,"1,468.10"
2014-05-19,"1,469.40"
2014-05-16,"1,465.30"
2014-05-15,"1,469.10"
2014-05-14,"1,484.90"
2014-05-13,"1,454.70"
2014-05-12,"1,440.90"
2014-05-09,"1,428.90"
2014-05-08,"1,437.10"
2014-05-07,"1,405.10"
2014-05-06,"1,457.10"
2014-05-05,"1,447.40"
2014-05-02,"1,439.70"
2014-05-01,"1,426.20"
2014-04-30,"1,426.60"
2014-04-29,"1,430.10"
2014-04-28,"1,418.40"
2014-04-25,"1,422.80"
2014-04-24,"1,408.10"
2014-04-23,"1,403.20"
2014-04-22,"1,399.60"
2014-04-21,"1,400.00"
2014-04-17,"1,428.10"
2014-04-16,"1,437.20"
2014-04-15,"1,444.10"
2014-04-14,"1,466.80"
2014-04-11,"1,461.60"
2014-04-10,"1,458.40"
2014-04-09,"1,437.00"
2014-04-08,"1,439.80"
2014-04-07,"1,426.30"
2014-04-04,"1,449.40"
2014-04-03,"1,443.80"
2014-04-02,"1,437.10"
2014-04-01,"1,428.00"
2014-03-31,"1,418.50"
2014-03-28,"1,404.70"
2014-03-27,"1,397.20"
2014-03-26,"1,406.00"
2014-03-25,"1,420.40"
2014-03-24,"1,430.70"
2014-03-21,"1,435.50"
2014-03-20,"1,434.30"
2014-03-19,"1,451.20"
2014-03-18,"1,461.20"
2014-03-17,"1,467.80"
2014-03-14,"1,469.00"
2014-03-13,"1,478.80"
2014-03-12,"1,475.70"
2014-03-11,"1,464.00"
2014-03-10,"1,476.60"
2014-03-07,"1,483.00"
2014-03-06,"1,486.20"
2014-03-05,"1,476.00"
2014-03-04,"1,463.50"
2014-03-03,"1,460.10"
2014-02-28,"1,446.20"
2014-02-27,"1,452.80"
2014-02-26,"1,428.20"
2014-02-25,"1,441.70"
2014-02-24,"1,440.20"
2014-02-21,"1,426.30"
2014-02-20,"1,410.90"
2014-02-19,"1,422.90"
2014-02-18,"1,422.90"
2014-02-17,"1,438.40"
2014-02-14,"1,428.50"
2014-02-13,"1,415.00"
2014-02-12,"1,405.70"
2014-02-11,"1,386.20"
2014-02-10,"1,384.30"
2014-02-07,"1,377.60"
2014-02-06,"1,373.30"
2014-02-05,"1,377.70"
2014-02-04,"1,371.80"
2014-02-03,"1,385.00"
2014-01-31,"1,374.10"
2014-01-30,"1,380.70"
2014-01-29,"1,406.50"
2014-01-28,"1,407.70"
2014-01-27,"1,419.40"
2014-01-24,"1,427.10"
2014-01-23,"1,461.70"
2014-01-22,"1,460.90"
2014-01-21,"1,452.00"
2014-01-20,"1,425.80"
2014-01-17,"1,452.60"
2014-01-16,"1,430.00"
2014-01-15,"1,427.10"
2014-01-14,"1,431.90"
2014-01-13,"1,441.90"
2014-01-10,"1,434.70"
2014-01-09,"1,417.70"
2014-01-08,"1,412.20"
2014-01-07,"1,412.70"
2014-01-06,"1,413.70"
2014-01-03,"1,411.50"
2014-01-02,"1,401.90"
2013-12-31,"1,371.10"
2013-12-30,"1,364.00"
2013-12-27,"1,376.00"
2013-12-26,"1,362.70"
2013-12-25,"1,336.50"
2013-12-24,"1,336.50"
2013-12-23,"1,327.40"
2013-12-20,"1,332.20"
2013-12-19,"1,318.40"
2013-12-18,"1,342.70"
2013-12-17,"1,344.60"
2013-12-16,"1,360.10"
2013-12-13,"1,362.90"
2013-12-12,"1,364.40"
2013-12-11,"1,385.20"
2013-12-10,"1,388.70"
2013-12-09,"1,368.50"
2013-12-06,"1,356.30"
2013-12-05,"1,363.50"
2013-12-04,"1,376.00"
2013-12-03,"1,355.80"
2013-12-02,"1,345.90"
2013-11-29,"1,367.90"
2013-11-28,"1,374.30"
2013-11-27,"1,351.20"
2013-11-26,"1,370.40"
2013-11-25,"1,376.00"
2013-11-22,"1,380.90"
2013-11-21,"1,389.90"
2013-11-20,"1,397.80"
2013-11-19,"1,418.10"
2013-11-18,"1,409.20"
2013-11-15,"1,437.10"
2013-11-14,"1,442.30"
2013-11-13,"1,430.20"
2013-11-12,"1,437.80"
2013-11-11,"1,430.60"
2013-11-08,"1,441.10"
2013-11-07,"1,455.00"
2013-11-06,"1,465.60"
2013-11-05,"1,447.70"
2013-11-04,"1,453.90"
2013-11-01,"1,449.40"
2013-10-31,"1,445.90"
2013-10-30,"1,477.40"
2013-10-29,"1,459.40"
2013-10-28,"1,470.10"
2013-10-25,"1,452.50"
2013-10-24,"1,453.30"
2013-10-23,"1,436.70"
2013-10-22,"1,447.80"
2013-10-21,"1,435.70"
2013-10-18,"1,434.80"
2013-10-17,"1,431.90"
2013-10-16,"1,395.20"
2013-10-15,"1,380.40"
2013-10-14,"1,380.60"
2013-10-11,"1,372.00"
2013-10-10,"1,392.30"
2013-10-09,"1,379.50"
2013-10-08,"1,400.20"
2013-10-07,"1,398.60"
2013-10-04,"1,384.70"
2013-10-03,"1,369.50"
2013-10-02,"1,389.80"
2013-10-01,"1,381.70"
2013-09-30,"1,408.10"
2013-09-27,"1,414.90"
2013-09-26,"1,410.70"
2013-09-25,"1,428.30"
2013-09-24,"1,418.30"
2013-09-23,"1,425.40"
2013-09-20,"1,432.10"
2013-09-19,"1,472.40"
2013-09-18,"1,424.60"
2013-09-17,"1,421.80"
2013-09-16,"1,440.60"
2013-09-13,"1,443.60"
2013-09-12,"1,441.80"
2013-09-11,"1,472.60"
2013-09-10,"1,473.20"
2013-09-09,"1,482.10"
2013-09-06,"1,494.80"
2013-09-05,"1,481.20"
2013-09-04,"1,493.80"
2013-09-03,"1,537.30"
2013-09-02,"1,516.30"
2013-08-30,"1,526.20"
2013-08-29,"1,521.50"
2013-08-28,"1,539.20"
2013-08-27,"1,531.20"
2013-08-26,"1,543.60"
2013-08-23,"1,540.70"
2013-08-22,"1,539.20"
2013-08-21,"1,518.20"
2013-08-20,"1,524.60"
2013-08-19,"1,508.10"
2013-08-16,"1,526.70"
2013-08-15,"1,531.40"
2013-08-14,"1,504.30"
2013-08-13,"1,498.80"
2013-08-12,"1,497.80"
2013-08-09,"1,499.70"
2013-08-08,"1,490.70"
2013-08-07,"1,437.40"
2013-08-06,"1,426.90"
2013-08-05,"1,447.20"
2013-08-02,"1,450.60"
2013-08-01,"1,442.90"
2013-07-31,"1,428.40"
2013-07-30,"1,436.60"
2013-07-29,"1,441.80"
2013-07-26,"1,421.90"
2013-07-25,"1,447.00"
2013-07-24,"1,455.20"
2013-07-23,"1,442.10"
2013-07-22,"1,447.00"
2013-07-19,"1,429.70"
2013-07-18,"1,413.30"
2013-07-17,"1,411.60"
2013-07-16,"1,426.10"
2013-07-15,"1,422.50"
2013-07-12,"1,409.60"
2013-07-11,"1,421.10"
2013-07-10,"1,368.10"
2013-07-09,"1,367.10"
2013-07-08,"1,360.50"
2013-07-05,"1,324.90"
2013-07-04,"1,348.00"
2013-07-03,"1,345.30"
2013-07-02,"1,366.30"
2013-07-01,"1,379.20"
2013-06-28,"1,336.90"
2013-06-27,"1,325.20"
2013-06-26,"1,303.70"
2013-06-25,"1,350.50"
2013-06-24,"1,329.10"
2013-06-21,"1,369.50"
2013-06-20,"1,363.80"
2013-06-19,"1,423.90"
2013-06-18,"1,440.10"
2013-06-17,"1,434.80"
2013-06-14,"1,447.40"
2013-06-13,"1,447.10"
2013-06-12,"1,482.30"
2013-06-11,"1,479.90"
2013-06-10,"1,506.90"
2013-06-07,"1,502.60"
2013-06-06,"1,529.30"
2013-06-05,"1,510.60"
2013-06-04,"1,491.10"
2013-06-03,"1,497.40"
2013-05-31,"1,461.80"
2013-05-30,"1,482.70"
2013-05-29,"1,453.00"
2013-05-28,"1,461.80"
2013-05-27,"1,449.70"
2013-05-24,"1,451.90"
2013-05-23,"1,457.20"
2013-05-22,"1,469.20"
2013-05-21,"1,458.40"
2013-05-20,"1,484.60"
2013-05-17,"1,468.00"
2013-05-16,"1,485.60"
2013-05-15,"1,490.70"
2013-05-14,"1,501.90"
2013-05-13,"1,484.50"
2013-05-10,"1,486.00"
2013-05-09,"1,516.50"
2013-05-07,"1,481.20"
2013-05-06,"1,507.70"
2013-05-03,"1,501.70"
2013-05-02,"1,500.70"
2013-05-01,"1,468.70"
2013-04-30,"1,505.40"
2013-04-29,"1,505.60"
2013-04-26,"1,475.20"
2013-04-25,"1,462.80"
2013-04-23,"1,416.80"
2013-04-19,"1,423.30"
2013-04-18,"1,428.40"
2013-04-16,"1,450.00"
2013-04-15,"1,424.20"
2013-04-12,"1,495.30"
2013-04-11,"1,535.20"
2013-04-10,"1,529.20"
2013-04-09,"1,552.00"
2013-04-08,"1,535.90"
2013-04-05,"1,534.40"
2013-04-04,"1,516.70"
2013-04-03,"1,539.80"
2013-04-02,"1,571.80"
2013-04-01,"1,596.40"
2013-03-28,"1,571.20"
2013-03-27,"1,579.80"
2013-03-26,"1,566.00"
2013-03-22,"1,580.70"
2013-03-21,"1,579.10"
2013-03-20,"1,581.50"
2013-03-19,"1,554.40"
2013-03-18,"1,578.20"
2013-03-15,"1,591.40"
2013-03-14,"1,587.80"
2013-03-13,"1,591.10"
2013-03-12,"1,593.00"
2013-03-11,"1,599.20"
2013-03-08,"1,601.90"
2013-03-07,"1,593.10"
2013-03-06,"1,577.80"
2013-03-05,"1,583.70"
2013-03-04,"1,564.20"
2013-03-01,"1,571.50"
2013-02-28,"1,582.40"
2013-02-27,"1,599.00"
2013-02-26,"1,615.40"
2013-02-25,"1,619.60"
2013-02-22,"1,606.30"
2013-02-21,"1,618.90"
2013-02-20,"1,646.00"
2013-02-19,"1,696.40"
2013-02-18,"1,644.50"
2013-02-15,"1,676.60"
2013-02-14,"1,709.80"
2013-02-13,"1,728.60"
2013-02-12,"1,716.10"
2013-02-11,"1,695.00"
2013-02-08,"1,713.50"
2013-02-07,"1,722.30"
2013-02-06,"1,736.50"
2013-02-05,"1,705.70"
2013-02-04,"1,696.60"
2013-02-01,"1,686.20"
2013-01-31,"1,673.90"
2013-01-30,"1,687.80"
2013-01-29,"1,677.40"
2013-01-28,"1,661.20"
2013-01-25,"1,693.90"
2013-01-24,"1,682.80"
2013-01-23,"1,691.70"
2013-01-22,"1,698.40"
2013-01-21,"1,675.80"
2013-01-18,"1,672.10"
2013-01-17,"1,697.80"
2013-01-16,"1,692.20"
2013-01-15,"1,688.00"
2013-01-14,"1,656.30"
2013-01-11,"1,629.30"
2013-01-10,"1,632.40"
2013-01-09,"1,597.80"
2013-01-08,"1,580.60"
2013-01-07,"1,553.80"
2013-01-04,"1,555.20"
2013-01-03,"1,576.70"
2013-01-02,"1,565.10"
2012-12-31,"1,538.70"
2012-12-28,"1,517.40"
2012-12-27,"1,531.80"
2012-12-26,"1,535.40"
2012-12-24,"1,535.40"
2012-12-21,"1,537.40"
2012-12-20,"1,546.70"
2012-12-19,"1,593.70"
2012-12-18,"1,594.50"
2012-12-17,"1,609.50"
2012-12-14,"1,619.50"
2012-12-13,"1,611.90"
2012-12-12,"1,644.90"
2012-12-11,"1,638.50"
2012-12-10,"1,621.80"
2012-12-07,"1,605.50"
2012-12-06,"1,599.20"
2012-12-05,"1,582.70"
2012-12-04,"1,581.40"
2012-12-03,"1,612.30"
2012-11-30,"1,603.10"
2012-11-29,"1,618.00"
2012-11-28,"1,610.10"
2012-11-27,"1,617.70"
2012-11-26,"1,621.50"
2012-11-23,"1,614.60"
2012-11-22,"1,554.00"
2012-11-21,"1,581.40"
2012-11-20,"1,570.50"
2012-11-19,"1,581.00"
2012-11-16,"1,559.00"
2012-11-15,"1,570.30"
2012-11-14,"1,588.60"
2012-11-13,"1,583.40"
2012-11-12,"1,562.50"
2012-11-09,"1,555.40"
2012-11-08,"1,538.50"
2012-11-07,"1,535.50"
2012-11-06,"1,554.30"
2012-11-05,"1,538.70"
2012-11-02,"1,540.90"
2012-11-01,"1,570.70"
2012-10-31,"1,576.00"
2012-10-30,"1,552.60"
2012-10-29,"1,531.90"
2012-10-26,"1,544.30"
2012-10-25,"1,567.10"
2012-10-24,"1,560.20"
2012-10-23,"1,573.10"
2012-10-22,"1,609.70"
2012-10-19,"1,613.00"
2012-10-18,"1,641.20"
2012-10-17,"1,668.00"
2012-10-16,"1,642.70"
2012-10-15,"1,631.30"
2012-10-12,"1,657.10"
2012-10-11,"1,687.80"
2012-10-10,"1,676.70"
2012-10-09,"1,691.60"
2012-10-08,"1,694.90"
2012-10-05,"1,703.30"
2012-10-04,"1,721.20"
2012-10-03,"1,690.30"
2012-10-02,"1,682.90"
2012-10-01,"1,681.50"
2012-09-28,"1,665.30"
2012-09-27,"1,645.90"
2012-09-26,"1,634.40"
2012-09-25,"1,631.80"
2012-09-24,"1,622.00"
2012-09-21,"1,637.10"
2012-09-20,"1,623.40"
2012-09-19,"1,639.90"
2012-09-18,"1,635.30"
2012-09-17,"1,671.60"
2012-09-14,"1,712.70"
2012-09-13,"1,678.50"
2012-09-12,"1,648.60"
2012-09-11,"1,606.00"
2012-09-10,"1,602.80"
2012-09-07,"1,595.30"
2012-09-06,"1,585.40"
2012-09-05,"1,574.60"
2012-09-04,"1,566.50"
2012-09-03,"1,560.70"
2012-08-31,"1,536.30"
2012-08-30,"1,502.70"
2012-08-29,"1,519.20"
2012-08-28,"1,519.10"
2012-08-27,"1,551.90"
2012-08-24,"1,553.10"
2012-08-23,"1,553.60"
2012-08-22,"1,525.20"
2012-08-21,"1,506.50"
2012-08-20,"1,496.90"
2012-08-17,"1,471.80"
2012-08-16,"1,433.90"
2012-08-15,"1,394.90"
2012-08-14,"1,397.60"
2012-08-13,"1,391.30"
2012-08-10,"1,398.40"
2012-08-09,"1,411.30"
2012-08-08,"1,408.70"
2012-08-07,"1,408.90"
2012-08-06,"1,400.40"
2012-08-03,"1,412.90"
2012-08-02,"1,386.30"
2012-08-01,"1,399.80"
2012-07-31,"1,415.40"
2012-07-30,"1,410.30"
2012-07-27,"1,406.70"
2012-07-26,"1,406.60"
2012-07-25,"1,395.10"
2012-07-24,"1,382.30"
2012-07-23,"1,396.50"
2012-07-20,"1,412.10"
2012-07-19,"1,420.70"
2012-07-18,"1,401.80"
2012-07-17,"1,418.30"
2012-07-16,"1,414.80"
2012-07-13,"1,432.50"
2012-07-12,"1,409.80"
2012-07-11,"1,428.90"
2012-07-10,"1,427.00"
2012-07-09,"1,443.20"
2012-07-06,"1,446.80"
2012-07-05,"1,475.00"
2012-07-04,"1,479.50"
2012-07-03,"1,488.70"
2012-07-02,"1,455.60"
2012-06-29,"1,449.10"
2012-06-28,"1,386.40"
2012-06-27,"1,409.70"
2012-06-26,"1,426.80"
2012-06-25,"1,439.10"
2012-06-22,"1,430.70"
2012-06-21,"1,437.90"
2012-06-20,"1,465.30"
2012-06-19,"1,479.00"
2012-06-18,"1,482.60"
2012-06-15,"1,485.70"
2012-06-14,"1,486.10"
2012-06-13,"1,465.30"
2012-06-12,"1,452.90"
2012-06-11,"1,447.80"
2012-06-08,"1,423.60"
2012-06-07,"1,439.40"
2012-06-06,"1,467.70"
2012-06-05,"1,439.00"
2012-06-04,"1,425.80"
2012-06-01,"1,431.70"
2012-05-31,"1,416.10"
2012-05-30,"1,399.70"
2012-05-29,"1,426.30"
2012-05-28,"1,519.00"
2012-05-25,"1,424.70"
2012-05-24,"1,420.60"
2012-05-23,"1,412.30"
2012-05-22,"1,456.40"
2012-05-21,"1,459.50"
2012-05-18,"1,457.10"
2012-05-17,"1,451.20"
2012-05-16,"1,429.90"
2012-05-15,"1,444.20"
2012-05-14,"1,440.30"
2012-05-11,"1,469.10"
2012-05-10,"1,491.30"
2012-05-09,"1,496.70"
2012-05-08,"1,505.80"
2012-05-07,"1,525.90"
2012-05-04,"1,531.80"
2012-05-03,"1,528.90"
2012-05-02,"1,560.20"
2012-05-01,"1,568.10"
2012-04-30,"1,567.70"
2012-04-27,"1,571.70"
2012-04-26,"1,566.20"
2012-04-25,"1,543.60"
2012-04-24,"1,544.40"
2012-04-23,"1,552.50"
2012-04-20,"1,580.40"
2012-04-19,"1,574.20"
2012-04-18,"1,575.30"
2012-04-17,"1,580.60"
2012-04-16,"1,571.70"
2012-04-13,"1,583.40"
2012-04-12,"1,601.50"
2012-04-11,"1,579.80"
2012-04-10,"1,589.20"
2012-04-09,"1,613.60"
2012-04-05,"1,602.90"
2012-04-04,"1,593.90"
2012-04-03,"1,655.20"
2012-04-02,"1,649.10"
2012-03-30,"1,638.30"
2012-03-29,"1,622.70"
2012-03-28,"1,635.10"
2012-03-27,"1,657.40"
2012-03-26,"1,646.50"
2012-03-23,"1,627.50"
2012-03-22,"1,611.60"
2012-03-21,"1,638.90"
2012-03-20,"1,652.80"
2012-03-19,"1,683.20"
2012-03-16,"1,674.00"
2012-03-15,"1,682.40"
2012-03-14,"1,673.80"
2012-03-13,"1,700.30"
2012-03-12,"1,694.20"
2012-03-09,"1,683.40"
2012-03-08,"1,655.20"
2012-03-07,"1,625.80"
2012-03-06,"1,610.40"
2012-03-05,"1,661.10"
2012-03-02,"1,690.20"
2012-03-01,"1,699.60"
2012-02-29,"1,691.10"
2012-02-28,"1,722.00"
2012-02-27,"1,712.80"
2012-02-24,"1,712.60"
2012-02-23,"1,720.50"
2012-02-22,"1,718.30"
2012-02-21,"1,682.40"
2012-02-20,"1,586.00"
2012-02-17,"1,631.30"
2012-02-16,"1,623.50"
2012-02-15,"1,635.60"
2012-02-14,"1,625.40"
2012-02-13,"1,647.10"
2012-02-10,"1,657.20"
2012-02-09,"1,665.00"
2012-02-08,"1,665.50"
2012-02-07,"1,652.20"
2012-02-06,"1,627.20"
2012-02-03,"1,629.30"
2012-02-02,"1,627.30"
2012-02-01,"1,620.60"
2012-01-31,"1,585.50"
2012-01-30,"1,613.70"
2012-01-27,"1,620.40"
2012-01-26,"1,614.20"
2012-01-25,"1,577.40"
2012-01-24,"1,550.20"
2012-01-23,"1,559.10"
2012-01-20,"1,530.30"
2012-01-19,"1,516.00"
2012-01-18,"1,523.30"
2012-01-17,"1,526.70"
2012-01-16,"1,497.70"
2012-01-13,"1,486.80"
2012-01-12,"1,499.00"
2012-01-11,"1,496.60"
2012-01-10,"1,462.40"
2012-01-09,"1,427.50"
2012-01-06,"1,404.50"
2012-01-05,"1,414.50"
2012-01-04,"1,423.10"
2012-01-03,"1,427.30"
2012-01-02,"1,399.70"
2011-12-30,"1,399.70"
2011-12-29,"1,363.40"
2011-12-28,"1,387.70"
2011-12-27,"1,433.90"
2011-12-23,"1,429.50"
2011-12-22,"1,423.40"
2011-12-21,"1,430.70"
2011-12-20,"1,431.90"
2011-12-19,"1,412.60"
2011-12-16,"1,416.30"
2011-12-15,"1,406.00"
2011-12-14,"1,425.30"
2011-12-13,"1,491.30"
2011-12-12,"1,485.90"
2011-12-09,"1,514.80"
2011-12-08,"1,493.40"
2011-12-07,"1,521.00"
2011-12-06,"1,523.00"
2011-12-05,"1,531.50"
2011-12-02,"1,547.50"
2011-12-01,"1,556.20"
2011-11-30,"1,559.80"
2011-11-29,"1,539.70"
2011-11-28,"1,539.50"
2011-11-25,"1,531.60"
2011-11-24,"1,520.00"
2011-11-23,"1,556.80"
2011-11-22,"1,570.50"
2011-11-21,"1,542.10"
2011-11-18,"1,587.00"
2011-11-17,"1,579.60"
2011-11-16,"1,629.70"
2011-11-15,"1,641.20"
2011-11-14,"1,642.60"
2011-11-11,"1,645.20"
2011-11-10,"1,625.30"
2011-11-09,"1,641.70"
2011-11-08,"1,670.60"
2011-11-07,"1,655.50"
2011-11-04,"1,626.80"
2011-11-03,"1,644.60"
2011-11-02,"1,598.30"
2011-11-01,"1,578.80"
2011-10-31,"1,597.60"
2011-10-28,"1,641.80"
2011-10-27,"1,637.60"
2011-10-26,"1,594.10"
2011-10-25,"1,565.50"
2011-10-24,"1,538.70"
2011-10-21,"1,503.70"
2011-10-20,"1,486.90"
2011-10-19,"1,519.10"
2011-10-18,"1,536.70"
2011-10-17,"1,547.30"
2011-10-14,"1,549.50"
2011-10-13,"1,528.50"
2011-10-12,"1,550.50"
2011-10-11,"1,515.20"
2011-10-10,"1,520.60"
2011-10-07,"1,489.00"
2011-10-06,"1,503.80"
2011-10-05,"1,478.00"
2011-10-04,"1,461.90"
2011-10-03,"1,512.30"
2011-09-30,"1,519.40"
2011-09-29,"1,528.30"
2011-09-28,"1,534.20"
2011-09-27,"1,574.00"
2011-09-26,"1,546.90"
2011-09-23,"1,613.20"
2011-09-22,"1,710.60"
2011-09-21,"1,788.20"
2011-09-20,"1,781.90"
2011-09-19,"1,772.00"
2011-09-16,"1,813.90"
2011-09-15,"1,780.60"
2011-09-14,"1,815.90"
2011-09-13,"1,813.50"
2011-09-12,"1,809.40"
2011-09-09,"1,837.90"
2011-09-08,"1,854.50"
2011-09-07,"1,828.70"
2011-09-06,"1,858.20"
2011-09-05,"1,810.00"
2011-09-02,"1,884.80"
2011-09-01,"1,852.90"
2011-08-31,"1,856.20"
2011-08-30,"1,853.10"
2011-08-29,"1,825.00"
2011-08-26,"1,826.90"
2011-08-25,"1,822.40"
2011-08-24,"1,826.30"
2011-08-23,"1,880.10"
2011-08-22,"1,905.70"
2011-08-19,"1,874.90"
2011-08-18,"1,847.70"
2011-08-17,"1,840.80"
2011-08-16,"1,818.10"
2011-08-15,"1,797.20"
2011-08-12,"1,796.70"
2011-08-11,"1,792.40"
2011-08-10,"1,771.70"
2011-08-09,"1,756.40"
2011-08-08,"1,723.60"
2011-08-05,"1,719.10"
2011-08-04,"1,729.40"
2011-08-03,"1,785.00"
2011-08-02,"1,793.50"
2011-08-01,"1,794.60"
2011-07-29,"1,785.30"
2011-07-28,"1,792.40"
2011-07-27,"1,806.90"
2011-07-26,"1,806.10"
2011-07-25,"1,792.90"
2011-07-22,"1,797.30"
2011-07-21,"1,786.70"
2011-07-20,"1,775.00"
2011-07-19,"1,775.30"
2011-07-18,"1,774.40"
2011-07-15,"1,755.00"
2011-07-14,"1,774.30"
2011-07-13,"1,767.00"
2011-07-12,"1,734.40"
2011-07-11,"1,726.00"
2011-07-08,"1,731.40"
2011-07-07,"1,741.00"
2011-07-06,"1,733.40"
2011-07-05,"1,742.60"
2011-07-01,"1,716.80"
2011-06-30,"1,724.80"
2011-06-29,"1,723.80"
2011-06-28,"1,691.70"
2011-06-27,"1,673.00"
2011-06-24,"1,677.60"
2011-06-23,"1,694.50"
2011-06-22,"1,752.40"
2011-06-21,"1,747.20"
2011-06-20,"1,730.50"
2011-06-17,"1,752.10"
2011-06-16,"1,760.70"
2011-06-15,"1,774.20"
2011-06-14,"1,794.90"
2011-06-13,"1,806.80"
2011-06-10,"1,833.00"
2011-06-09,"1,844.70"
2011-06-08,"1,831.20"
2011-06-07,"1,830.70"
2011-06-06,"1,821.20"
2011-06-03,"1,823.70"
2011-06-02,"1,817.80"
2011-06-01,"1,823.90"
2011-05-31,"1,834.00"
2011-05-27,"1,800.00"
2011-05-26,"1,778.10"
2011-05-25,"1,779.80"
2011-05-24,"1,765.50"
2011-05-23,"1,758.90"
2011-05-20,"1,772.40"
2011-05-19,"1,772.00"
2011-05-18,"1,782.90"
2011-05-17,"1,764.00"
2011-05-16,"1,763.00"
2011-05-13,"1,770.80"
2011-05-12,"1,772.50"
2011-05-11,"1,777.80"
2011-05-10,"1,800.90"
2011-05-09,"1,796.10"
2011-05-06,"1,787.40"
2011-05-05,"1,779.20"
2011-05-04,"1,827.30"
2011-05-03,"1,862.50"
2011-05-02,"1,877.70"
2011-04-29,"1,871.50"
2011-04-28,"1,845.90"
2011-04-27,"1,825.20"
2011-04-26,"1,812.40"
2011-04-25,"1,835.10"
2011-04-21,"1,833.70"
2011-04-20,"1,816.30"
2011-04-19,"1,782.60"
2011-04-18,"1,785.80"
2011-04-15,"1,797.80"
2011-04-14,"1,798.60"
2011-04-13,"1,781.70"
2011-04-12,"1,778.80"
2011-04-11,"1,799.50"
2011-04-08,"1,812.10"
2011-04-07,"1,790.60"
2011-04-06,"1,797.80"
2011-04-05,"1,796.80"
2011-04-04,"1,783.40"
2011-04-01,"1,774.90"
2011-03-31,"1,779.30"
2011-03-30,"1,771.40"
2011-03-29,"1,740.60"
2011-03-28,"1,747.80"
2011-03-25,"1,745.60"
2011-03-24,"1,760.00"
2011-03-23,"1,760.00"
2011-03-22,"1,739.40"
2011-03-21,"1,744.90"
2011-03-18,"1,723.40"
2011-03-17,"1,706.90"
2011-03-16,"1,700.50"
2011-03-15,"1,705.60"
2011-03-14,"1,752.30"
2011-03-11,"1,781.70"
2011-03-10,"1,765.60"
2011-03-09,"1,802.00"
2011-03-08,"1,802.60"
2011-03-07,"1,820.40"
2011-03-04,"1,837.90"
2011-03-03,"1,833.00"
2011-03-02,"1,859.30"
2011-03-01,"1,845.10"
2011-02-28,"1,809.20"
2011-02-25,"1,803.40"
2011-02-24,"1,786.80"
2011-02-23,"1,783.20"
2011-02-22,"1,787.30"
2011-02-18,"1,843.30"
2011-02-17,"1,843.00"
2011-02-16,"1,833.30"
2011-02-15,"1,830.60"
2011-02-14,"1,826.60"
2011-02-11,"1,810.10"
2011-02-10,"1,827.40"
2011-02-09,"1,856.00"
2011-02-08,"1,858.50"
2011-02-07,"1,840.80"
2011-02-04,"1,842.40"
2011-02-03,"1,840.70"
2011-02-02,"1,825.20"
2011-02-01,"1,829.60"
2011-01-31,"1,797.50"
2011-01-28,"1,801.60"
2011-01-27,"1,800.10"
2011-01-26,"1,793.80"
2011-01-25,"1,784.20"
2011-01-24,"1,814.60"
2011-01-21,"1,818.80"
2011-01-20,"1,813.70"
2011-01-19,"1,833.30"
2011-01-18,"1,823.50"
2011-01-14,"1,813.40"
2011-01-13,"1,818.60"
2011-01-12,"1,797.90"
2011-01-11,"1,767.60"
2011-01-10,"1,743.00"
2011-01-07,"1,735.10"
2011-01-06,"1,732.70"
2011-01-05,"1,730.30"
2011-01-04,"1,743.10"
2011-01-03,"1,781.10"
2010-12-31,"1,773.30"
2010-12-30,"1,744.30"
2010-12-29,"1,754.20"
2010-12-28,"1,751.70"
2010-12-27,"1,735.50"
2010-12-23,"1,723.10"
2010-12-22,"1,730.90"
2010-12-21,"1,721.90"
2010-12-20,"1,710.70"
2010-12-17,"1,698.50"
2010-12-16,"1,696.10"
2010-12-15,"1,701.90"
2010-12-14,"1,711.40"
2010-12-13,"1,694.80"
2010-12-10,"1,670.30"
2010-12-09,"1,673.90"
2010-12-08,"1,676.40"
2010-12-07,"1,695.20"
2010-12-06,"1,703.60"
2010-12-03,"1,718.50"
2010-12-02,"1,697.10"
2010-12-01,"1,668.00"
2010-11-30,"1,650.40"
2010-11-29,"1,628.60"
2010-11-26,"1,645.20"
2010-11-24,"1,658.40"
2010-11-23,"1,657.70"
2010-11-22,"1,655.50"
2010-11-19,"1,671.10"
2010-11-18,"1,663.90"
2010-11-17,"1,640.90"
2010-11-16,"1,645.70"
2010-11-15,"1,685.70"
2010-11-12,"1,684.60"
2010-11-11,"1,745.80"
2010-11-10,"1,737.90"
2010-11-09,"1,804.60"
2010-11-08,"1,766.10"
2010-11-05,"1,769.90"
2010-11-04,"1,756.90"
2010-11-03,"1,698.20"
2010-11-02,"1,720.10"
2010-11-01,"1,712.50"
2010-10-29,"1,705.10"
2010-10-28,"1,690.00"
2010-10-27,"1,676.10"
2010-10-26,"1,702.00"
2010-10-25,"1,693.00"
2010-10-22,"1,671.10"
2010-10-21,"1,669.40"
2010-10-20,"1,683.30"
2010-10-19,"1,673.60"
2010-10-18,"1,693.00"
2010-10-15,"1,691.10"
2010-10-14,"1,708.30"
2010-10-13,"1,702.40"
2010-10-12,"1,678.30"
2010-10-11,"1,686.60"
2010-10-08,"1,704.20"
2010-10-07,"1,700.00"
2010-10-06,"1,707.00"
2010-10-05,"1,695.50"
2010-10-04,"1,667.70"
2010-10-01,"1,675.90"
2010-09-30,"1,652.00"
2010-09-29,"1,649.40"
2010-09-28,"1,635.70"
2010-09-27,"1,630.10"
2010-09-24,"1,639.80"
2010-09-23,"1,645.90"
2010-09-22,"1,632.90"
2010-09-21,"1,612.40"
2010-09-20,"1,632.00"
2010-09-17,"1,621.90"
2010-09-16,"1,611.90"
2010-09-15,"1,605.30"
2010-09-14,"1,594.40"
2010-09-13,"1,549.90"
2010-09-10,"1,542.50"
2010-09-09,"1,553.30"
2010-09-08,"1,562.20"
2010-09-07,"1,556.30"
2010-09-03,"1,561.10"
2010-09-02,"1,551.50"
2010-09-01,"1,535.70"
2010-08-31,"1,523.50"
2010-08-30,"1,533.10"
2010-08-27,"1,537.00"
2010-08-26,"1,539.90"
2010-08-25,"1,527.40"
2010-08-24,"1,517.70"
2010-08-23,"1,508.60"
2010-08-20,"1,513.90"
2010-08-19,"1,527.50"
2010-08-18,"1,536.50"
2010-08-17,"1,546.60"
2010-08-16,"1,537.30"
2010-08-13,"1,526.20"
2010-08-12,"1,538.10"
2010-08-11,"1,537.00"
2010-08-10,"1,537.00"
2010-08-09,"1,542.90"
2010-08-06,"1,570.80"
2010-08-05,"1,572.50"
2010-08-04,"1,586.20"
2010-08-03,"1,587.10"
2010-08-02,"1,576.80"
2010-07-30,"1,576.80"
2010-07-29,"1,563.40"
2010-07-28,"1,539.50"
2010-07-27,"1,534.50"
2010-07-26,"1,552.70"
2010-07-23,"1,538.70"
2010-07-22,"1,525.40"
2010-07-21,"1,524.80"
2010-07-20,"1,514.30"
2010-07-19,"1,509.40"
2010-07-16,"1,508.40"
2010-07-15,"1,529.90"
2010-07-14,"1,516.80"
2010-07-13,"1,531.60"
2010-07-12,"1,511.50"
2010-07-09,"1,529.00"
2010-07-08,"1,511.80"
2010-07-07,"1,521.90"
2010-07-06,"1,513.80"
2010-07-02,"1,499.20"
2010-07-01,"1,503.30"
2010-06-30,"1,530.90"
2010-06-29,"1,548.10"
2010-06-28,"1,565.60"
2010-06-25,"1,570.40"
2010-06-24,"1,561.50"
2010-06-23,"1,567.00"
2010-06-22,"1,593.00"
2010-06-21,"1,590.30"
2010-06-18,"1,587.00"
2010-06-17,"1,572.00"
2010-06-16,"1,567.50"
2010-06-15,"1,576.00"
2010-06-14,"1,561.40"
2010-06-11,"1,533.00"
2010-06-10,"1,534.20"
2010-06-09,"1,532.00"
2010-06-08,"1,526.80"
2010-06-07,"1,515.30"
2010-06-04,"1,523.30"
2010-06-03,"1,540.90"
2010-06-02,"1,548.40"
2010-06-01,"1,547.40"
2010-05-28,"1,547.40"
2010-05-27,"1,550.90"
2010-05-26,"1,528.30"
2010-05-25,"1,489.90"
2010-05-24,"1,532.50"
2010-05-21,"1,499.20"
2010-05-20,"1,493.80"
2010-05-19,"1,603.70"
2010-05-18,"1,688.50"
2010-05-17,"1,661.20"
2010-05-14,"1,713.40"
2010-05-13,"1,737.40"
2010-05-12,"1,745.30"
2010-05-11,"1,698.80"
2010-05-10,"1,691.50"
2010-05-07,"1,664.80"
2010-05-06,"1,665.50"
2010-05-05,"1,648.60"
2010-05-04,"1,685.80"
2010-05-03,"1,728.90"
2010-04-30,"1,745.10"
2010-04-29,"1,733.70"
2010-04-28,"1,711.40"
2010-04-27,"1,718.70"
2010-04-26,"1,742.80"
2010-04-23,"1,740.20"
2010-04-22,"1,742.70"
2010-04-21,"1,737.00"
2010-04-20,"1,718.00"
2010-04-19,"1,692.80"
2010-04-16,"1,690.80"
2010-04-15,"1,722.30"
2010-04-14,"1,730.20"
2010-04-13,"1,711.80"
2010-04-12,"1,735.30"
2010-04-09,"1,722.20"
2010-04-08,"1,711.10"
2010-04-07,"1,717.20"
2010-04-06,"1,698.50"
2010-04-05,"1,703.80"
2010-04-01,"1,669.80"
2010-03-31,"1,639.80"
2010-03-30,"1,618.10"
2010-03-29,"1,627.40"
2010-03-26,"1,595.50"
2010-03-25,"1,605.90"
2010-03-24,"1,587.40"
2010-03-23,"1,607.80"
2010-03-22,"1,599.80"
2010-03-19,"1,607.10"
2010-03-18,"1,629.50"
2010-03-17,"1,633.70"
2010-03-16,"1,628.80"
2010-03-15,"1,613.90"
2010-03-12,"1,606.50"
2010-03-11,"1,610.80"
2010-03-10,"1,588.30"
2010-03-09,"1,595.00"
2010-03-08,"1,598.20"
2010-03-05,"1,577.20"
2010-03-04,"1,581.70"
2010-03-03,"1,581.60"
2010-03-02,"1,574.10"
2010-03-01,"1,542.10"
2010-02-26,"1,538.00"
2010-02-25,"1,529.30"
2010-02-24,"1,504.20"
2010-02-23,"1,506.30"
2010-02-22,"1,528.10"
2010-02-19,"1,539.80"
2010-02-18,"1,515.80"
2010-02-17,"1,533.30"
2010-02-16,"1,533.90"
2010-02-12,"1,507.30"
2010-02-11,"1,515.50"
2010-02-10,"1,509.10"
2010-02-09,"1,498.60"
2010-02-08,"1,477.20"
2010-02-05,"1,471.30"
2010-02-04,"1,511.50"
2010-02-03,"1,571.90"
2010-02-02,"1,574.50"
2010-02-01,"1,534.60"
2010-01-29,"1,501.30"
2010-01-28,"1,489.20"
2010-01-27,"1,486.80"
2010-01-26,"1,522.20"
2010-01-25,"1,540.50"
2010-01-22,"1,536.40"
2010-01-21,"1,587.10"
2010-01-20,"1,611.10"
2010-01-19,"1,635.10"
2010-01-15,"1,591.40"
2010-01-14,"1,600.10"
2010-01-13,"1,570.20"
2010-01-12,"1,573.90"
2010-01-11,"1,588.30"
2010-01-08,"1,564.60"
2010-01-07,"1,553.00"
2010-01-06,"1,552.20"
2010-01-05,"1,530.80"
2010-01-04,"1,517.30"
2009-12-31,"1,460.00"
2009-12-30,"1,452.30"
2009-12-29,"1,467.10"
2009-12-28,"1,480.30"
2009-12-24,"1,467.90"
2009-12-23,"1,426.80"
2009-12-22,"1,396.90"
2009-12-21,"1,423.50"
2009-12-18,"1,429.30"
2009-12-17,"1,425.90"
2009-12-16,"1,457.60"
2009-12-15,"1,452.50"
2009-12-14,"1,447.00"
2009-12-11,"1,422.70"
2009-12-10,"1,424.50"
2009-12-09,"1,409.20"
2009-12-08,"1,440.40"
2009-12-07,"1,444.60"
2009-12-04,"1,449.70"
2009-12-03,"1,493.70"
2009-12-02,"1,506.30"
2009-12-01,"1,486.60"
2009-11-30,"1,460.20"
2009-11-27,"1,447.10"
2009-11-25,"1,479.50"
2009-11-24,"1,443.80"
2009-11-23,"1,467.60"
2009-11-20,"1,441.90"
2009-11-19,"1,443.90"
2009-11-18,"1,452.00"
2009-11-17,"1,462.50"
2009-11-16,"1,444.60"
2009-11-13,"1,388.70"
2009-11-12,"1,363.20"
2009-11-11,"1,369.60"
2009-11-10,"1,351.20"
2009-11-09,"1,367.20"
2009-11-06,"1,348.20"
2009-11-05,"1,362.90"
2009-11-04,"1,369.30"
2009-11-03,"1,356.20"
2009-11-02,"1,338.10"
2009-10-30,"1,326.30"
2009-10-29,"1,338.20"
2009-10-28,"1,297.40"
2009-10-27,"1,312.70"
2009-10-26,"1,339.50"
2009-10-23,"1,363.20"
2009-10-22,"1,363.60"
2009-10-21,"1,368.10"
2009-10-20,"1,350.00"
2009-10-19,"1,358.10"
2009-10-16,"1,341.70"
2009-10-15,"1,348.50"
2009-10-14,"1,358.60"
2009-10-13,"1,352.80"
2009-10-12,"1,339.40"
2009-10-09,"1,331.60"
2009-10-08,"1,346.00"
2009-10-07,"1,320.50"
2009-10-06,"1,318.10"
2009-10-05,"1,294.60"
2009-10-02,"1,275.60"
2009-10-01,"1,282.00"
2009-09-30,"1,295.60"
2009-09-29,"1,270.90"
2009-09-28,"1,286.00"
2009-09-25,"1,284.60"
2009-09-24,"1,308.50"
2009-09-23,"1,327.80"
2009-09-22,"1,339.20"
2009-09-21,"1,322.20"
2009-09-18,"1,338.20"
2009-09-17,"1,341.50"
2009-09-16,"1,350.10"
2009-09-15,"1,320.30"
2009-09-14,"1,319.70"
2009-09-11,"1,320.70"
2009-09-10,"1,289.70"
2009-09-09,"1,291.40"
2009-09-08,"1,289.60"
2009-09-04,"1,259.10"
2009-09-03,"1,253.80"
2009-09-02,"1,230.10"
2009-09-01,"1,226.80"
2009-08-31,"1,244.00"
2009-08-28,"1,245.90"
2009-08-27,"1,240.50"
2009-08-26,"1,238.40"
2009-08-25,"1,247.80"
2009-08-24,"1,248.10"
2009-08-21,"1,259.20"
2009-08-20,"1,242.00"
2009-08-19,"1,241.40"
2009-08-18,"1,232.10"
2009-08-17,"1,222.60"
2009-08-14,"1,261.70"
2009-08-13,"1,272.70"
2009-08-12,"1,244.40"
2009-08-11,"1,245.10"
2009-08-10,"1,250.90"
2009-08-07,"1,268.50"
2009-08-06,"1,263.40"
2009-08-05,"1,293.10"
2009-08-04,"1,276.80"
2009-08-03,"1,239.70"
2009-07-31,"1,214.20"
2009-07-30,"1,189.00"
2009-07-29,"1,167.60"
2009-07-28,"1,192.00"
2009-07-27,"1,217.90"
2009-07-24,"1,186.90"
2009-07-23,"1,182.50"
2009-07-22,"1,171.50"
2009-07-21,"1,172.80"
2009-07-20,"1,184.70"
2009-07-17,"1,168.60"
2009-07-16,"1,162.70"
2009-07-15,"1,151.30"
2009-07-14,"1,128.40"
2009-07-13,"1,111.10"
2009-07-10,"1,101.40"
2009-07-09,"1,104.00"
2009-07-08,"1,095.30"
2009-07-07,"1,129.70"
2009-07-06,"1,140.30"
2009-07-02,"1,186.60"
2009-07-01,"1,196.50"
2009-06-30,"1,176.70"
2009-06-29,"1,184.20"
2009-06-26,"1,203.00"
2009-06-25,"1,191.00"
2009-06-24,"1,167.90"
2009-06-23,"1,165.40"
2009-06-22,"1,169.10"
2009-06-19,"1,211.20"
2009-06-18,"1,207.60"
2009-06-17,"1,205.20"
2009-06-16,"1,220.90"
2009-06-15,"1,213.70"
2009-06-12,"1,258.70"
2009-06-11,"1,273.10"
2009-06-10,"1,273.20"
2009-06-09,"1,257.90"
2009-06-08,"1,244.00"
2009-06-05,"1,286.20"
2009-06-04,"1,293.30"
2009-06-03,"1,244.50"
2009-06-02,"1,243.40"
2009-06-01,"1,220.60"
2009-05-29,"1,196.00"
2009-05-28,"1,149.80"
2009-05-27,"1,141.10"
2009-05-26,"1,139.80"
2009-05-22,"1,160.00"
2009-05-21,"1,154.70"
2009-05-20,"1,145.40"
2009-05-19,"1,145.10"
2009-05-18,"1,137.60"
2009-05-15,"1,109.00"
2009-05-14,"1,117.50"
2009-05-13,"1,123.20"
2009-05-12,"1,132.10"
2009-05-11,"1,120.70"
2009-05-08,"1,147.10"
2009-05-07,"1,157.30"
2009-05-06,"1,143.10"
2009-05-05,"1,137.90"
2009-05-04,"1,122.00"
2009-05-01,"1,096.40"
2009-04-30,"1,106.60"
2009-04-29,"1,106.80"
2009-04-28,"1,096.10"
2009-04-27,"1,146.30"
2009-04-24,"1,180.00"
2009-04-23,"1,182.50"
2009-04-22,"1,173.10"
2009-04-21,"1,151.60"
2009-04-20,"1,161.10"
2009-04-17,"1,206.10"
2009-04-16,"1,212.00"
2009-04-15,"1,220.90"
2009-04-14,"1,211.70"
2009-04-13,"1,240.40"
2009-04-09,"1,190.00"
2009-04-08,"1,180.40"
2009-04-07,"1,167.80"
2009-04-06,"1,145.70"
2009-04-03,"1,159.40"
2009-04-02,"1,158.70"
2009-04-01,"1,136.30"
2009-03-31,"1,120.80"
2009-03-30,"1,113.60"
2009-03-27,"1,128.00"
2009-03-26,"1,149.50"
2009-03-25,"1,122.70"
2009-03-24,"1,117.70"
2009-03-23,"1,143.30"
2009-03-20,"1,114.20"
2009-03-19,"1,121.80"
2009-03-18,"1,042.40"
2009-03-17,"1,051.80"
2009-03-16,"1,049.40"
2009-03-13,"1,063.60"
2009-03-12,"1,051.50"
2009-03-11,"1,057.20"
2009-03-10,"1,043.80"
2009-03-09,"1,063.70"
2009-03-06,"1,078.70"
2009-03-05,"1,064.60"
2009-03-04,"1,044.80"
2009-03-03,"1,036.30"
2009-03-02,"1,075.90"
2009-02-27,"1,085.30"
2009-02-26,"1,052.10"
2009-02-25,"1,059.10"
2009-02-24,"1,048.70"
2009-02-23,"1,079.50"
2009-02-20,"1,095.70"
2009-02-19,"1,076.50"
2009-02-18,"1,098.90"
2009-02-17,"1,098.30"
2009-02-13,"1,061.00"
2009-02-12,"1,077.90"
2009-02-11,"1,080.70"
2009-02-10,"1,034.90"
2009-02-09,995.90
2009-02-06,"1,004.30"
2009-02-05,982.00
2009-02-04,969.70
2009-02-03,963.50
2009-02-02,979.10
2009-01-30,991.30
2009-01-29,974.90
2009-01-28,960.00
2009-01-27,955.30
2009-01-26,971.00
2009-01-23,955.10
2009-01-22,932.00
2009-01-21,922.10
2009-01-20,943.80
2009-01-16,947.80
2009-01-15,916.70
2009-01-14,930.30
2009-01-13,950.50
2009-01-12,968.40
2009-01-09,"1,000.50"
2009-01-08,989.60
2009-01-07,985.10
2009-01-06,962.90
2009-01-05,952.30
2009-01-02,941.40
2008-12-31,936.20
2008-12-30,909.90
2008-12-29,917.90
2008-12-26,890.20
2008-12-24,859.40
2008-12-23,846.50
2008-12-22,857.20
2008-12-19,851.30
2008-12-18,863.90
2008-12-17,865.20
2008-12-16,849.50
2008-12-15,839.20
2008-12-12,822.10
2008-12-11,845.50
2008-12-10,840.00
2008-12-09,812.50
2008-12-08,843.30
2008-12-05,787.20
2008-12-04,798.80
2008-12-03,805.10
2008-12-02,807.30
2008-12-01,809.90
2008-11-28,882.30
2008-11-26,869.70
2008-11-25,871.60
2008-11-24,866.40
2008-11-21,825.70
2008-11-20,790.10
2008-11-19,823.70
2008-11-18,837.00
2008-11-17,820.60
2008-11-14,845.10
2008-11-13,813.00
2008-11-12,825.10
2008-11-11,826.60
2008-11-10,859.90
2008-11-07,852.00
2008-11-06,838.30
2008-11-05,880.00
2008-11-04,857.70
2008-11-03,827.10
2008-10-31,831.60
2008-10-30,830.60
2008-10-29,811.10
2008-10-28,803.30
2008-10-27,791.70
2008-10-24,793.80
2008-10-23,804.10
2008-10-22,848.70
2008-10-21,883.20
2008-10-20,884.00
2008-10-17,872.50
2008-10-16,882.80
2008-10-15,966.70
2008-10-14,"1,035.10"
2008-10-13,989.10
2008-10-10,996.70
2008-10-09,"1,035.20"
2008-10-08,"1,003.60"
2008-10-07,"1,012.20"
2008-10-06,973.20
2008-10-03,957.00
2008-10-02,979.60
2008-10-01,"1,029.70"
2008-09-30,"1,015.10"
2008-09-29,"1,075.40"
2008-09-26,"1,113.70"
2008-09-25,"1,184.20"
2008-09-24,"1,225.00"
2008-09-23,"1,212.00"
2008-09-22,"1,235.80"
2008-09-19,"1,147.00"
2008-09-18,"1,137.60"
2008-09-17,"1,086.30"
2008-09-16,"1,068.50"
2008-09-15,"1,176.20"
2008-09-12,"1,210.50"
2008-09-11,"1,152.20"
2008-09-10,"1,192.00"
2008-09-09,"1,262.10"
2008-09-08,"1,352.90"
2008-09-05,"1,367.80"
2008-09-04,"1,402.20"
2008-09-03,"1,392.20"
2008-09-02,"1,403.50"
2008-08-29,"1,489.80"
2008-08-28,"1,484.20"
2008-08-27,"1,440.70"
2008-08-26,"1,421.10"
2008-08-25,"1,435.00"
2008-08-22,"1,441.20"
2008-08-21,"1,458.80"
2008-08-20,"1,368.90"
2008-08-19,"1,351.30"
2008-08-18,"1,393.90"
2008-08-15,"1,388.20"
2008-08-14,"1,489.10"
2008-08-13,"1,516.50"
2008-08-12,"1,478.80"
2008-08-11,"1,535.50"
2008-08-08,"1,559.60"
2008-08-07,"1,582.60"
2008-08-06,"1,610.00"
2008-08-05,"1,584.50"
2008-08-04,"1,563.00"
2008-08-01,"1,655.30"
2008-07-31,"1,761.90"
2008-07-30,"1,738.10"
2008-07-29,"1,750.30"
2008-07-28,"1,779.70"
2008-07-25,"1,761.70"
2008-07-24,"1,716.80"
2008-07-23,"1,763.80"
2008-07-22,"1,811.20"
2008-07-21,"1,854.00"
2008-07-18,"1,858.30"
2008-07-17,"1,903.40"
2008-07-16,"1,942.30"
2008-07-15,"1,985.80"
2008-07-14,"2,039.90"
2008-07-11,"2,047.20"
2008-07-10,"2,000.90"
2008-07-09,"1,974.50"
2008-07-08,"1,950.40"
2008-07-07,"1,981.30"
2008-07-03,"2,027.90"
2008-07-02,"2,074.50"
2008-07-01,"2,086.20"
2008-06-30,"2,069.50"
2008-06-27,"2,059.10"
2008-06-26,"2,068.80"
2008-06-25,"2,013.50"
2008-06-24,"2,025.00"
2008-06-23,"2,039.20"
2008-06-20,"2,062.40"
2008-06-19,"2,055.80"
2008-06-18,"2,091.90"
2008-06-17,"2,064.30"
2008-06-16,"2,050.70"
2008-06-13,"2,037.00"
2008-06-12,"2,025.90"
2008-06-11,"2,037.10"
2008-06-10,"2,002.90"
2008-06-09,"2,059.60"
2008-06-06,"2,081.30"
2008-06-05,"2,012.50"
2008-06-04,"1,994.90"
2008-06-03,"1,998.20"
2008-06-02,"2,015.60"
2008-05-30,"2,013.80"
2008-05-29,"1,990.20"
2008-05-28,"2,066.90"
2008-05-27,"2,128.10"
2008-05-23,"2,176.30"
2008-05-22,"2,183.80"
2008-05-21,"2,221.10"
2008-05-20,"2,147.80"
2008-05-19,"2,158.20"
2008-05-16,"2,132.00"
2008-05-15,"2,076.90"
2008-05-14,"2,039.10"
2008-05-13,"2,073.40"
2008-05-12,"2,123.30"
2008-05-09,"2,101.80"
2008-05-08,"2,042.30"
2008-05-07,"1,969.00"
2008-05-06,"1,969.80"
2008-05-05,"1,927.40"
2008-05-02,"1,908.20"
2008-05-01,"1,882.30"
2008-04-30,"1,935.20"
2008-04-29,"1,940.10"
2008-04-28,"1,970.60"
2008-04-25,"1,960.00"
2008-04-24,"1,962.70"
2008-04-23,"2,010.80"
2008-04-22,"2,029.40"
2008-04-21,"2,019.30"
2008-04-18,"2,066.30"
2008-04-17,"2,054.60"
2008-04-16,"2,029.40"
2008-04-15,"1,988.40"
2008-04-14,"1,993.50"
2008-04-11,"2,036.10"
2008-04-10,"2,065.00"
2008-04-09,"2,064.60"
2008-04-08,"2,033.30"
2008-04-07,"2,041.90"
2008-04-04,"2,025.50"
2008-04-03,"2,005.90"
2008-04-02,"1,957.60"
2008-04-01,"1,928.80"
2008-03-31,"2,024.40"
2008-03-28,"2,037.80"
2008-03-27,"2,043.70"
2008-03-26,"2,012.60"
2008-03-25,"1,985.90"
2008-03-24,"1,889.20"
2008-03-20,"1,877.30"
2008-03-19,"1,887.00"
2008-03-18,"1,968.00"
2008-03-17,"1,973.40"
2008-03-14,"2,076.00"
2008-03-13,"2,097.50"
2008-03-12,"2,070.00"
2008-03-11,"2,052.40"
2008-03-10,"2,039.10"
2008-03-07,"2,041.70"
2008-03-06,"2,200.80"
2008-03-05,"2,276.10"
2008-03-04,"2,267.00"
2008-03-03,"2,241.60"
2008-02-29,"2,180.70"
2008-02-28,"2,154.80"
2008-02-27,"2,152.30"
2008-02-26,"2,155.90"
2008-02-25,"2,153.50"
2008-02-22,"2,167.80"
2008-02-21,"2,188.20"
2008-02-20,"2,138.80"
2008-02-19,"2,153.10"
2008-02-15,"2,063.70"
2008-02-14,"2,005.90"
2008-02-13,"1,983.70"
2008-02-12,"1,921.80"
2008-02-11,"1,939.40"
2008-02-08,"1,884.00"
2008-02-07,"1,851.40"
2008-02-06,"1,819.00"
2008-02-05,"1,785.50"
2008-02-04,"1,797.60"
2008-02-01,"1,770.20"
2008-01-31,"1,737.40"
2008-01-30,"1,687.40"
2008-01-29,"1,736.90"
2008-01-28,"1,752.20"
2008-01-25,"1,680.70"
2008-01-24,"1,614.90"
2008-01-23,"1,557.50"
2008-01-22,"1,547.60"
2008-01-18,"1,566.50"
2008-01-17,"1,569.30"
2008-01-16,"1,570.60"
2008-01-11,"1,568.20"
2008-01-10,"1,558.30"
2008-01-09,"1,552.90"
2008-01-04,"1,539.10"
2008-01-03,"1,541.80"
2008-01-02,"1,547.00"
2007-12-31,"1,528.40"
2007-12-28,"1,540.50"
2007-12-27,"1,538.80"
2007-12-26,"1,549.30"
2007-12-24,"1,536.20"
2007-12-21,"1,536.30"
2007-12-20,"1,517.50"
2007-12-19,"1,523.80"
2007-12-18,"1,515.30"
2007-12-17,"1,503.60"
2007-12-14,"1,479.20"
2007-12-13,"1,471.60"
2007-12-12,"1,479.80"
2007-12-11,"1,467.30"
2007-12-10,"1,466.30"
2007-12-07,"1,462.20"
2007-12-06,"1,470.20"
2007-12-05,"1,468.30"
2007-12-04,"1,472.30"
2007-12-03,"1,461.40"
2007-11-30,"1,444.10"
2007-11-29,"1,439.50"
2007-11-28,"1,438.30"
2007-11-27,"1,453.50"
2007-11-26,"1,468.60"
2007-11-23,"1,480.50"
2007-11-21,"1,467.20"
2007-11-20,"1,469.70"
2007-11-19,"1,457.10"
2007-11-16,"1,453.20"
2007-11-15,"1,425.40"
2007-11-14,"1,446.10"
2007-11-13,"1,412.30"
2007-11-12,"1,390.80"
2007-11-09,"1,426.00"
2007-11-08,"1,473.60"
2007-11-07,"1,462.30"
2007-11-06,"1,483.70"
2007-11-05,"1,466.50"
2007-11-02,"1,462.70"
2007-11-01,"1,450.80"
2007-10-31,"1,447.60"
2007-10-30,"1,440.90"
2007-10-29,"1,468.00"
2007-10-26,"1,472.10"
2007-10-25,"1,452.60"
2007-10-24,"1,441.90"
2007-10-23,"1,452.80"
2007-10-22,"1,439.60"
2007-10-19,"1,449.10"
2007-10-18,"1,448.10"
2007-10-17,"1,438.70"
2007-10-16,"1,422.90"
2007-10-15,"1,423.90"
2007-10-12,"1,414.70"
2007-10-11,"1,420.20"
2007-10-10,"1,400.00"
2007-10-09,"1,381.60"
2007-10-08,"1,375.20"
2007-10-05,"1,389.80"
2007-10-04,"1,377.40"
2007-10-03,"1,363.90"
2007-10-02,"1,350.00"
2007-10-01,"1,396.20"
2007-09-28,"1,395.20"
2007-09-27,"1,364.70"
2007-09-26,"1,351.50"
2007-09-25,"1,349.40"
2007-09-24,"1,344.20"
2007-09-21,"1,331.60"
2007-09-20,"1,328.60"
2007-09-19,"1,308.50"
2007-09-18,"1,306.70"
2007-09-17,"1,302.60"
2007-09-14,"1,299.20"
2007-09-13,"1,299.90"
2007-09-12,"1,304.70"
2007-09-11,"1,302.60"
2007-09-10,"1,294.00"
2007-09-07,"1,295.00"
2007-09-06,"1,288.90"
2007-09-05,"1,273.00"
2007-09-04,"1,273.70"
2007-08-31,"1,271.60"
2007-08-30,"1,260.10"
2007-08-29,"1,266.80"
2007-08-28,"1,260.60"
2007-08-27,"1,252.30"
2007-08-24,"1,247.00"
2007-08-23,"1,245.10"
2007-08-22,"1,248.60"
2007-08-21,"1,251.40"
2007-08-20,"1,247.40"
2007-08-17,"1,231.60"
2007-08-16,"1,230.00"
2007-08-15,"1,271.50"
2007-08-14,"1,277.00"
2007-08-13,"1,287.10"
2007-08-10,"1,279.30"
2007-08-09,"1,275.30"
2007-08-08,"1,291.10"
2007-08-07,"1,291.30"
2007-08-06,"1,299.00"
2007-08-03,"1,298.00"
2007-08-02,"1,299.00"
2007-08-01,"1,290.90"
2007-07-31,"1,302.60"
2007-07-30,"1,286.80"
2007-07-27,"1,286.70"
2007-07-26,"1,331.10"
2007-07-25,"1,333.90"
2007-07-24,"1,336.60"
2007-07-23,"1,344.90"
2007-07-20,"1,349.60"
2007-07-19,"1,341.50"
2007-07-18,"1,340.20"
2007-07-17,"1,325.60"
2007-07-16,"1,330.10"
2007-07-13,"1,330.50"
2007-07-12,"1,333.70"
2007-07-11,"1,319.10"
2007-07-10,"1,316.50"
2007-07-09,"1,321.00"
2007-07-06,"1,314.60"
2007-07-05,"1,307.30"
2007-07-03,"1,291.70"
2007-07-02,"1,292.60"
2007-06-29,"1,279.00"
2007-06-28,"1,276.00"
2007-06-27,"1,275.50"
2007-06-26,"1,268.30"
2007-06-25,"1,291.70"
2007-06-22,"1,308.00"
2007-06-21,"1,299.00"
2007-06-20,"1,300.80"
2007-06-19,"1,298.50"
2007-06-18,"1,299.50"
2007-06-15,"1,286.00"
2007-06-14,"1,287.00"
2007-06-13,"1,283.50"
2007-06-12,"1,296.40"
2007-06-11,"1,298.00"
2007-06-08,"1,286.80"
2007-06-07,"1,295.50"
2007-06-06,"1,300.10"
2007-06-05,"1,298.80"
2007-06-04,"1,303.00"
2007-06-01,"1,295.60"
2007-05-31,"1,285.80"
2007-05-30,"1,264.00"
2007-05-29,"1,264.80"
2007-05-25,"1,277.80"
2007-05-24,"1,290.70"
2007-05-23,"1,307.00"
2007-05-22,"1,298.70"
2007-05-21,"1,319.70"
2007-05-18,"1,326.20"
2007-05-17,"1,317.90"
2007-05-16,"1,325.80"
2007-05-15,"1,339.60"
2007-05-14,"1,329.30"
2007-05-11,"1,341.70"
2007-05-10,"1,324.20"
2007-05-09,"1,339.50"
2007-05-08,"1,343.20"
2007-05-07,"1,350.90"
2007-05-04,"1,328.80"
2007-05-03,"1,310.80"
2007-05-02,"1,299.10"
2007-05-01,"1,300.90"
2007-04-30,"1,298.40"
2007-04-27,"1,293.00"
2007-04-26,"1,303.60"
2007-04-23,"1,331.70"
2007-04-20,"1,341.20"
2007-04-19,"1,309.80"
2007-04-18,"1,306.90"
2007-04-17,"1,280.90"
2007-04-16,"1,289.50"
2007-04-13,"1,278.40"
2007-04-12,"1,271.50"
2007-04-11,"1,273.30"
2007-04-10,"1,265.60"
2007-04-05,"1,262.90"
